rasm,val
-34232224,1
-122,1
2,1
2,1
2,1
2,1
2,1
2,1
2,1
2,1
2,1
2,1
2,1
2,1
2,1
2,1
2,1
2,1
2,1
2,1
2,1
2,1
2,1
2,1
2,1
2,1
2,1
2,1
2,1
2,1
2,1
2,1
2,1
2,1
2,1
2,1
2,1
2,1
2,1
2,1
2,1
2,1
2,1
2,1
2,1
2,1
2,1
3,1
3,1
6,1
6,1
22,1
22,1
22,1
22,1
22,1
22,1
22,1
22,1
22,1
22,1
22,1
22,1
22,1
22,1
22,1
22,1
22,1
22,1
22,1
22,1
22,1
22,1
22,1
22,1
22,1
22,1
22,1
22,1
22,1
22,1
22,1
22,1
22,1
22,1
22,1
22,1
22,1
22,1
22,1
22,1
22,1
22,1
22,1
22,1
22,1
22,1
22,1
22,1
22,1
22,1
22,1
22,1
22,1
22,1
22,1
22,1
22,1
22,1
22,1
22,1
22,1
22,1
22,1
22,1
22,1
22,1
22,1
22,1
22,1
22,1
22,1
22,1
22,1
22,1
22,1
22,1
22,1
22,1
22,1
22,1
22,1
22,1
22,1
22,1
22,1
22,1
23,1
23,1
23,1
26,1
26,1
26,1
26,1
26,1
26,1
32,1
33,1
33,1
37,1
62,1
62,1
62,1
62,1
62,1
62,1
62,1
62,1
62,1
62,1
62,1
66,1
66,1
66,1
66,1
66,1
66,1
66,1
67,1
220,1
221,1
222,1
222,1
222,1
222,1
222,1
222,1
222,1
222,1
222,1
222,1
222,1
222,1
222,1
222,1
222,1
222,1
222,1
222,1
222,1
222,1
222,1
222,1
222,1
222,1
222,1
222,1
222,1
222,1
222,1
222,1
222,1
222,1
222,1
222,1
222,1
222,1
222,1
222,1
222,1
222,1
222,1
222,1
222,1
222,1
222,1
222,1
223,1
223,1
223,1
223,1
223,1
223,1
223,1
226,1
226,1
226,1
226,1
226,1
226,1
226,1
226,1
226,1
226,1
226,1
226,1
227,1
227,1
227,1
227,1
232,1
232,1
233,1
237,1
262,1
262,1
262,1
262,1
266,1
272,1
272,1
272,1
272,1
273,1
322,1
322,1
322,1
322,1
322,1
322,1
322,1
323,1
323,1
432,1
622,1
622,1
626,1
626,1
626,1
626,1
626,1
627,1
662,1
662,1
662,1
665,1
666,1
666,1
666,1
666,1
666,1
666,1
666,1
666,1
666,1
666,1
666,1
666,1
666,1
666,1
667,1
667,1
672,1
700,1
722,1
722,1
766,1
776,1
777,1
777,1
1002,1
2022,1
2022,1
2022,1
2022,1
2022,1
2022,1
2022,1
2023,1
2026,1
2200,1
2222,1
2222,1
2222,1
2222,1
2222,1
2222,1
2222,1
2222,1
2222,1
2223,1
2223,1
2224,1
2226,1
2226,1
2226,1
2226,1
2226,1
2226,1
2226,1
2226,1
2226,1
2226,1
2226,1
2227,1
2227,1
2232,1
2234,1
2236,1
2262,1
2262,1
2262,1
2262,1
2262,1
2262,1
2273,1
2337,1
2372,1
2622,1
2627,1
2637,1
2637,1
2667,1
2720,1
2722,1
2723,1
2772,1
3023,1
3122,1
3222,1
3222,1
3222,1
3222,1
3223,1
3272,1
3623,1
4222,1
4223,1
4322,1
5222,1
5223,1
5266,1
5267,1
6220,1
6220,1
6222,1
6262,1
6262,1
6266,1
6266,1
6523,1
6623,1
6626,1
6626,1
6626,1
6626,1
6626,1
6626,1
6626,1
6626,1
6627,1
6662,1
6662,1
6666,1
6666,1
6666,1
6666,1
6666,1
6722,1
7262,1
7376,1
7676,1
7766,1
7776,1
7777,1
13333,1
20222,1
20273,1
20723,1
22222,1
22222,1
22222,1
22222,1
22223,1
22226,1
22226,1
22236,1
22262,1
22262,1
22266,1
22266,1
22266,1
22367,1
22367,1
22622,1
22722,1
22726,1
22737,1
23237,1
23267,1
23322,1
23333,1
23336,1
23365,1
23372,1
26222,1
26226,1
26230,1
26260,1
26262,1
26266,1
26656,1
26667,1
26667,1
26676,1
27220,1
27226,1
27226,1
27227,1
27262,1
27722,1
30226,1
30272,1
30722,1
32222,1
32222,1
32222,1
32222,1
32222,1
32223,1
32226,1
32234,1
32336,1
32377,1
33122,1
33262,1
33322,1
34222,1
36224,1
36267,1
40222,1
42222,1
42224,1
42322,1
42722,1
43222,1
54222,1
62222,1
62225,1
62226,1
62464,1
62626,1
62626,1
62626,1
62626,1
62626,1
62626,1
63626,1
63626,1
63676,1
66263,1
66265,1
66266,1
66266,1
66266,1
66266,1
66464,1
66626,1
66626,1
66656,1
66666,1
66666,1
66666,1
66666,1
66666,1
66666,1
66666,1
66666,1
66666,1
66666,1
66674,1
67666,1
72222,1
72222,1
72222,1
72263,1
72627,1
72667,1
73637,1
77666,1
124347,1
202222,1
212226,1
220263,1
222121,1
222222,1
222223,1
222223,1
222232,1
222323,1
222333,1
222626,1
222636,1
223660,1
225266,1
226265,1
226266,1
226333,1
227226,1
230262,1
232333,1
237222,1
262667,1
272226,1
272263,1
272323,1
272620,1
272622,1
272720,1
272722,1
272730,1
273337,1
277220,1
302627,1
306230,1
307220,1
312222,1
320237,1
322222,1
322223,1
322226,1
322323,1
322332,1
322623,1
322626,1
323426,1
330262,1
332622,1
332627,1
332627,1
336227,1
337223,1
372226,1
377666,1
422222,1
422622,1
427322,1
430222,1
432323,1
433227,1
436222,1
472222,1
522272,1
622224,1
622264,1
622666,1
626266,1
626624,1
627626,1
633022,1
666626,1
666666,1
666666,1
667776,1
722227,1
726227,1
766652,1
2222224,1
2222232,1
2222264,1
2224223,1
2226364,1
2226365,1
2232342,1
2233236,1
2233534,1
2262366,1
2272266,1
2272276,1
2323322,1
2442630,1
2722206,1
2722626,1
2727226,1
2733277,1
3022260,1
3222223,1
3222230,1
3222625,1
3226267,1
3322222,1
3326270,1
3362333,1
3402622,1
3422366,1
3433262,1
4322237,1
4342624,1
4403222,1
4433623,1
6222223,1
6226222,1
6253026,1
6262634,1
6262666,1
6663666,1
7222323,1
7262675,1
7327226,1
7576376,1
20322226,1
21763637,1
22233706,1
22722223,1
27262236,1
27722223,1
31106222,1
32223232,1
32232365,1
35223237,1
42022222,1
42222205,1
42222206,1
42676666,1
42722637,1
43232332,1
43362263,1
54402723,1
62626766,1
72213372,1
72222225,1
72222377,1
72223226,1
72250630,1
122623236,1
222232342,1
272222223,1
322233235,1
343223213,1
403222224,1
427322226,1
430322763,1
443624714,1
472723277,1
521322376,1
522102430,1
732332342,1
2027222276,1
2322332415,1
3336223366,1
3441223376,1
4332222226,1
4362223236,1
4372232333,1
5322222427,1
21232322326,1
44263633377,1
44330226360,1
44337272226,1
55473222227,1
76366666667,1
432622333204,1
3432222233232,1
57566742022626,1
332123112362222,1
20-222,1
20220-0,1
222+7+,1
222260+,1
223456-,1
233+7,1
26+2222372,1
266  22,1
27-2,1
27-27-2,1
27272-,1
3+027226,1
3323-77,1
443222333-,1
53 226,1
62-66,1
63-226,1
666 2,1
6663  2,1
7-0,1
-4341430,2
-3542453,2
-144342,2
-17106,2
-5644,2
-453,2
-35,2
-35,2
7,2
54,2
54,2
54,2
54,2
64,2
71,2
216,2
254,2
354,2
355,2
440,2
543,2
653,2
654,2
660,2
666,2
701,2
1474,2
1726,2
3354,2
3475,2
4354,2
4575,2
5445,2
5555,2
5573,2
5771,2
5775,2
6324,2
6447,2
6543,2
6543,2
6553,2
6574,2
10566,2
15654,2
25343,2
26667,2
43241,2
52435,2
54364,2
75764,2
453727,2
564750,2
652344,2
664343,2
665405,2
666631,2
754445,2
3544443,2
6556310,2
7656405,2
31170666,2
56436775,2
66556340,2
474045454,2
536706435,2
720010267,2
2523222224,2
7666666530,2
20202536560,2
453764402770,2
665540546334,2
-0+3,2
-235-,2
+03+5,2
+2+17,2
00-01216,2
0010-,2
0251-6-,2
030234+523,2
065-40,2
1030-10112,2
12+4,2
12+776,2
13+1+713+4+,2
133+5+574,2
14443-,2
15-553,2
152+6,2
2+034+,2
2+11+7,2
2+341,2
2+41+54,2
2+554,2
207-00,2
2101+77+65,2
22+23+55,2
220710+,2
2213112+45,2
2245-4443726,2
23120+6,2
23515-,2
23654-47-3243141,2
24-4,2
24+56,2
244-33,2
25-34,2
253+55,2
2553611+7,2
2554-36,2
26-427  55,2
26-44,2
26-443,2
264-,2
264330-,2
2764364-,2
3+05,2
3+342,2
3+5,2
3+55,2
3+5560123,2
3+56,2
3+6457771,2
3+75+,2
32+41+70+122,2
33544-235,2
3364-,2
34-4240,2
34-433,2
34+55,2
3415-444,2
35-3433,2
35-4443,2
35-4444433611,2
35+55,2
3533+5577,2
35363+560,2
3544-,2
355-2545343,2
3567-5,2
364-,2
4-035443,2
4-15447,2
4-3425,2
4-35,2
4-354,2
4-3544-4,2
4-373,2
4-4-440,2
4-42544,2
4-43,2
4-43,2
4-435,2
4-44,2
4+571,2
40135-44,2
41-4,2
4123+56,2
415-3533,2
415-7,2
424-430-,2
4254-442,2
43+1,2
435-44,2
4354-324,2
44-4,2
44-44,2
44-5,2
44-574,2
443+54,2
444-05,2
45-4,2
5-3027,2
5-347,2
5-36-4,2
5-43,2
5-44,2
5-44020,2
5-44437,2
5-541-,2
5-545,2
5-6431,2
500-33,2
517-,2
53-454,2
534-4,2
534+560,2
53421+3+,2
53744342253+,2
54-33,2
54-343,2
54-444,2
54-5,2
54+65676741,2
543+52,2
5432524+55670,2
545-442,2
55-3,2
5524-4433735,2
554-34141,2
56437-07,2
57474677-,2
6-4364,2
6-4544,2
6-5,2
6-543,2
6-55,2
6-553,2
6-554,2
6-6415,2
6-655413,2
6-755-31-,2
60-10,2
62+7+522,2
62525-333,2
64-40-,2
6432-,2
6434-24,2
6435-,2
644-,2
644-,2
644-30,2
645-,2
645-30-27,2
645-7,2
65-1327,2
65-4,2
65-4,2
65-4,2
65-43,2
65-435,2
65-440,2
65-5,2
65-53,2
65-54,2
65-54034,2
65354-43,2
654-546,2
65435+,2
655-21,2
655-3156,2
655-454,2
655-5,2
6553  13,2
65644-3326,2
65741+76,2
66-41-35,2
66164564  67,2
664-4,2
665-54-334,2
6665-44127,2
67-5,2
6744-130,2
67655335-,2
7-0-10356,2
7-544437,2
7+5425,2
7+6771,2
70-0-2,2
70-1,2
70-1126,2
70-525,2
736541243-33,2
74-442,2
74+76001,2
747-53,2
75-,2
75-43,2
75-5,2
755-453,2
76-66-5,2
7657-1536,2
7665-34  0,2
644425,3
4+,3
4+54432,3
54+7,3
543+,3
6553+,3
65543+63+,3
74+0+4+027+,3
0,4
1,4
44,4
54,4
54,4
57,4
105,4
112,4
116,4
475,4
525,4
543,4
654,4
712,4
743,4
1036,4
1055,4
1070,4
2544,4
5434,4
5443,4
5543,4
5560,4
6443,4
6445,4
6543,4
6553,4
6553,4
7052,4
11775,4
14453,4
36543,4
40403,4
46444,4
51115,4
54353,4
54355,4
54450,4
60106,4
65444,4
67012,4
67414,4
70106,4
71126,4
76544,4
254444,4
341646,4
355035,4
444435,4
455604,4
544400,4
544400,4
554443,4
564420,4
665135,4
665530,4
755054,4
766555,4
774022,4
6550463,4
7542565,4
35421722,4
52442543,4
52554443,4
54433524,4
65342442,4
65353553,4
71712723,4
265535336,4
6757055404,4
7656156456766,4
454544444042014,4
+0-4440,4
+000125+,4
+44+4,4
+535210+6,4
+5443+74,4
+6403+70,4
+6543543+,4
0+0052,4
01+0+6,4
012+65,4
02455433+,4
04+0344,4
04+440,4
0402+23,4
053+4,4
074+543,4
1564+705544444443121,4
17103+56,4
2+4531+0,4
2+4574,4
2+54,4
2+544432,4
2+544436,4
2+54444377,4
2+56,4
21312+13+4+63,4
214444372+76,4
22032+1+3+5,4
24+15,4
2414+55,4
2435243+4+53,4
2454+53437  +5536,4
253+,4
253+535,4
254+,4
2543+,4
3+044+5444443173,4
3+46,4
3+54,4
3+54,4
3+546,4
3+56,4
3+663,4
325543+,4
33+511+5,4
33315323+27 143174,4
335+5,4
33667544353+,4
34+5,4
34+556,4
34+654,4
344+70,4
3454+4,4
35+54,4
354+,4
354+4,4
354+45,4
354432+4554,4
3552+,4
3553+,4
3553+5,4
3554+4  307,4
35743+74031+,4
36754+442+77,4
373+4,4
4+,4
4+44,4
4+447,4
4+5,4
4+545,4
4+7  105,4
40-4+4,4
40123+,4
404+544,4
41+755,4
41344+,4
4243+1+06,4
43+44+055444437,4
43+635,4
4333+532+4,4
433712+,4
434153+5464634555  717601,4
44+3,4
44+63,4
44034+32,4
4404+447,4
443+,4
444+0407,4
444+54043,4
444+642+434232,4
44402+,4
4443+7,4
454+46,4
4543+,4
4544+20+0,4
4553+,4
471712+13+,4
5  434,4
5+44,4
5+444030,4
5+4533,4
5+45342,4
5+50,4
5+65,4
5+744,4
5+7444230,4
5+76,4
5143633+,4
52543753+,4
53+,4
53+,4
53+54,4
53+65577147,4
5353+,4
535343+,4
54+,4
54+13,4
54+24443+543,4
54+340,4
54+4,4
54+4,4
54+440,4
54+442,4
54+44437,4
54+5,4
54+6,4
54+64,4
542+44,4
543+,4
543+431+60,4
5432+,4
5436431+,4
544+,4
544+,4
544+40,4
5442+,4
5443+,4
5443+4070,4
54432+,4
54442313+3,4
55+4,4
55+444,4
55+7,4
553+3,4
554+0,4
554+140,4
55473+,4
55473765+,4
555+3+6,4
5643+41,4
564304+,4
5653+0,4
565463+,4
56553+,4
574443+07,4
6+43,4
6+444+2,4
6+54+53,4
6+554,4
6+5563+,4
62+45474,4
623+566757134,4
64+44443272,4
64+5,4
643+,4
643+,4
644+,4
644+,4
6444+0,4
6453+,4
6454+,4
6454503+,4
645534335032+,4
6503+5,4
6504453+,4
653+43+,4
653+63,4
653+714+,4
6530+,4
6533+,4
6535+23+,4
654+05,4
654+5,4
654033+,4
6543+,4
6543+7,4
65453+,4
65471+54+,4
6553+,4
655340+,4
6554+7,4
65543+,4
6554404443+7,4
655443+43,4
655443+54+54,4
6641+,4
66513553+,4
6653+4,4
665504+,4
66553+0,4
665544+,4
665553+0,4
665553+06,4
66653+05,4
675+54003+00,4
675415+,4
6755313+,4
70112+,4
73012+,4
73753553+,4
74+,4
743+54,4
74443+41+41+,4
75+6,4
76454+0,4
76555363+,4
76653+,4
766533+,4
6444,5
56765,5
54434325,5
67740412,5
675544037,5
6555443426,5
6556670012,5
76444444037,5
555353147543,5
475570544404044,5
+2250440317112+5,5
026760760+5000217,5
3544+442,5
4+55444311,5
42+555353357,5
435435452+4,5
44+3+0+7,5
444+  443,5
4444+444,5
45+443,5
45364403+36+0,5
5+3444377,5
5+544432,5
5+5770000,5
5+7404420,5
50-443+,5
51424+4363,5
52444-43+4-3+35,5
5253544+273,5
5344+43+00,5
54+430+0,5
54+4300,5
54+44,5
54+440431,5
54+656774005172124,5
5444432+72+3,5
552445323111+14+53,5
5554+44437,5
5555+5+55551555,5
56144+47,5
5744+44307,5
64+4,5
6444+30+,5
654+32,5
6544+40+20+,5
6544+440+300+,5
6544+44443435,5
65440402+,5
65444+04442,5
6544442+,5
654544+444444444375,5
663+170,5
675+550443+7,5
67500444+,5
67654432+0,5
700+1+2,5
7001+41+2,5
70655544+440+0,5
7345+50+5650   00,5
73544243032+7,5
7554+07,5
7645443+43+,5
76654404403+0,5
775614+5434276,5
-34244343254345,6
-415142717771,6
2010314,6
3456504,6
5670443,6
41476434,6
506704040,6
605640010,6
5756670170,6
6010020711,6
46760675051,6
576157055507050,6
740020301631404,6
00311717-705-1,6
0477-75404,6
0576-57-00,6
07-75-04-44,6
10327   7-57,6
231453534315-32544327,6
2402433676-400,6
335-4235574  374-,6
335357-4,6
34534-434,6
345474640-,6
35-345350-4,6
35363575570-,6
354747-4045,6
36-46405,6
4-342454,6
4-4245443,6
413315450477   75434,6
4345-3454,6
4353215-3515034,6
4355-2335564574313,6
44-34656404344,6
44-35-46440-,6
44-3646404,6
442363556-404,6
443424-24434  0,6
44464-40-43  235,6
446647340177-444,6
45-33567-4443,6
45-36-4640-,6
45-425443,6
45344-25525,6
4545-736-45670-444,6
4546357-4004,6
455375-57,6
46-640-43,6
4740-07037,6
4766-75414  0,6
477-56730,6
5-346355545,6
5-4514710444,6
5-5464650-,6
5-75364,6
5345354-5310,6
535-414403117,6
535-464044,6
53534-440,6
535423474540-,6
54-335574446  45,6
54363567-50,6
553457242406670-,6
556335006507-,6
5634-77531644,6
57-75754  1,6
57353540-07124,6
5764606-75-70  0000,6
6-447740-0117,6
6-476440-  117,6
606-05-754544,6
60767-7057440-,6
640725-,6
656305-7444,6
6757440430   0,6
67757050-,6
744755775757430  0071,6
74656-404  01,6
75056-75-40-3600,6
77-505250,6
1456457-7342443,7
365405-0573035,7
375717-044314,7
44335-7-,7
4535-344244,7
47705774-400,7
54-335-46-567510-,7
54647473444  3314,7
7245-45,7
2457444,8
3214446,8
4354664,8
4354744,8
6765564,8
36026406,8
43446640,8
45424644,8
300077501,8
443546650,8
445355255,8
463057045,8
560574307,8
677050105,8
1607675040,8
2017776050,8
3436357674,8
4435245205,8
4553364665,8
5057570143,8
43354214443,8
44353567544,8
54364604443,8
354737466701,8
363575305744,8
444570677744,8
543364556403,8
3453443414241,8
4121373466433,8
4354656744054,8
36445766040004,8
54345443053547,8
55364547043453,8
345366447674044,8
354543534553433,8
700201770670550,8
32354+5775,8
53+43435256400+4564+5,8
534524343 20017,8
7076757545+170,8
0+706555,9
002+007600,9
01304+6,9
454533634+5575000,9
45454+,9
7002750+07570,9
7,10
12,10
13,10
13,10
13,10
13,10
13,10
13,10
13,10
13,10
13,10
13,10
13,10
21,10
23,10
24,10
31,10
123,10
123,10
123,10
223,10
227,10
250,10
654,10
654,10
754,10
754,10
754,10
754,10
754,10
754,10
754,10
754,10
755,10
764,10
1133,10
1223,10
1237,10
1237,10
1250,10
1323,10
1323,10
1323,10
1520,10
1530,10
2127,10
2543,10
3354,10
3644,10
5242,10
5436,10
6530,10
6550,10
7527,10
7550,10
7551,10
7554,10
7644,10
7646,10
7650,10
7651,10
7654,10
7654,10
7655,10
7664,10
7765,10
7765,10
11637,10
12237,10
13225,10
13634,10
23750,10
35453,10
37557,10
41023,10
43410,10
63654,10
65542,10
66550,10
67550,10
67554,10
67560,10
67644,10
67754,10
72544,10
72550,10
73545,10
75442,10
75540,10
75540,10
75550,10
75551,10
76450,10
76550,10
76550,10
76550,10
76550,10
76550,10
76550,10
76565,10
76651,10
77514,10
77554,10
77565,10
77641,10
77654,10
77654,10
77654,10
77654,10
77654,10
77654,10
77654,10
77654,10
77654,10
77655,10
77754,10
77754,10
77754,10
112237,10
122737,10
132531,10
153447,10
154437,10
244307,10
266450,10
325143,10
332654,10
334754,10
336553,10
354420,10
356450,10
365556,10
375446,10
400650,10
574500,10
635423,10
665423,10
675700,10
725417,10
735247,10
755414,10
755447,10
764446,10
765550,10
765640,10
766400,10
766540,10
775640,10
775650,10
776551,10
776554,10
776554,10
777555,10
1121333,10
1122737,10
1454432,10
2513330,10
2554375,10
3635447,10
3650347,10
3665432,10
3754446,10
3754547,10
4254366,10
4375413,10
4775654,10
5337654,10
5645300,10
6145435,10
6513543,10
6655444,10
7254547,10
7363544,10
7534447,10
7552547,10
7554546,10
7641447,10
7653154,10
7654446,10
7655410,10
7665410,10
7676504,10
7756410,10
7756511,10
7766410,10
7766411,10
7767514,10
7767550,10
7767550,10
7776550,10
7777654,10
14332665,10
22244332,10
26655437,10
32426447,10
32765443,10
34356450,10
34365347,10
34475410,10
35635435,10
35637504,10
37374547,10
42264423,10
42414231,10
43671430,10
51345457,10
52127443,10
65443364,10
65444341,10
70666545,10
72531547,10
73552554,10
73641347,10
73742544,10
75254447,10
75754545,10
76354447,10
76565466,10
76565744,10
77356446,10
77765540,10
244433226,10
266544027,10
323254337,10
325644300,10
362654430,10
366544037,10
422265443,10
424336754,10
425143253,10
524444232,10
655343253,10
676154540,10
735540247,10
755365457,10
777776454,10
2252533633,10
2323426255,10
2326535437,10
2455543210,10
3255434176,10
4336255342,10
5762555357,10
6206453537,10
7565534536,10
26365553537,10
32266645402,10
33256644060,10
33262544307,10
34375554447,10
35254437326,10
52262544232,10
65544433533,10
225443263333,10
241255335326,10
324325322073,10
432203355367,10
472237555343,10
766754040432,10
3522534543732,10
452465563611172,10
'55431,10
00-126,10
32335534+53+37,10
3337554+,10
3375454+3,10
3754+6,10
4+3560,10
465442+07,10
5453+07,10
552+4,10
55655  66550,10
644234+03,10
66657-53+01,10
7254+7,10
7544+4,10
7554+0,10
764+4400,10
76444+06,10
76514+44+7,10
77554+0,10
7760    404,10
77655  63457,10
776554+0,10
77675+50,10
7777654+50,10
75540,11
7524447,11
7765450,11
77675540,11
765353437,11
013+,11
335+25431213,11
337554+477,11
42+74544,11
5212354+725,11
63+76513356,11
754+,11
5,12
11,12
12,12
12,12
112,12
112,12
113,12
113,12
475,12
554,12
554,12
554,12
554,12
555,12
654,12
654,12
655,12
1112,12
1112,12
1113,12
2114,12
3111,12
3555,12
3565,12
5440,12
5504,12
5543,12
5544,12
5553,12
5553,12
5553,12
5553,12
5553,12
5554,12
5554,12
5554,12
5555,12
5555,12
5555,12
5555,12
5555,12
5555,12
5655,12
5655,12
6544,12
6554,12
6555,12
7554,12
7555,12
7555,12
11044,12
11113,12
11227,12
36554,12
37544,12
46554,12
47655,12
54443,12
55336,12
55444,12
55523,12
55531,12
55542,12
55542,12
55542,12
55544,12
55550,12
55553,12
55553,12
55554,12
55565,12
63554,12
65440,12
65440,12
65444,12
65445,12
65454,12
65543,12
65551,12
65554,12
66544,12
75544,12
75554,12
75555,12
76444,12
76554,12
76555,12
76555,12
77554,12
105544,12
111113,12
115153,12
251554,12
265454,12
333554,12
355454,12
362554,12
365454,12
366544,12
444404,12
505454,12
506554,12
507555,12
554445,12
554450,12
555444,12
555543,12
555543,12
555554,12
555653,12
635444,12
652444,12
654540,12
655444,12
655454,12
655515,12
655544,12
655545,12
675440,12
755515,12
755544,12
755555,12
765555,12
765556,12
766454,12
766550,12
1151155,12
1521531,12
2155444,12
2545444,12
2555453,12
2555557,12
4555422,12
4755555,12
4765544,12
5255522,12
5444446,12
5551422,12
5552037,12
5552416,12
5555332,12
5555415,12
5555440,12
5555532,12
5555532,12
5555542,12
5555554,12
5644431,12
5755522,12
6514404,12
6554043,12
6554444,12
6555355,12
6555414,12
6555440,12
6555444,12
6555444,12
6651544,12
6755444,12
6765550,12
7544440,12
7555400,12
7654444,12
7655546,12
7655554,12
7706555,12
7755544,12
7765440,12
25544440,12
35544443,12
35555555,12
36355554,12
36555344,12
36555440,12
45554322,12
51254421,12
53455454,12
54317075,12
54505543,12
55254454,12
55551553,12
55553223,12
55555305,12
55555307,12
55555347,12
55651454,12
55653027,12
63754540,12
65444400,12
65554432,12
66745405,12
75255447,12
75415446,12
75441406,12
75544471,12
75545400,12
76544444,12
76554455,12
77555405,12
77555455,12
334544446,12
335555453,12
345355436,12
355544040,12
365554544,12
375555445,12
446466425,12
452555444,12
455555332,12
537544440,12
551553035,12
555441372,12
555534170,12
555553206,12
555555346,12
565541203,12
655554444,12
655554445,12
673554547,12
735515444,12
752654447,12
753644400,12
755544000,12
756545446,12
765454453,12
776651440,12
2547555445,12
3775544440,12
4555534322,12
4571757053,12
5055555302,12
5355555314,12
5555556470,12
5555565325,12
5556515232,12
6101511111,12
6355554454,12
6476025544,12
6644415440,12
6663504440,12
6716605557,12
7255352555,12
7555444400,12
7555451277,12
7766554154,12
45146355553,12
47765554440,12
55155314537,12
65523145554,12
74347755554,12
76551515454,12
76555454447,12
255454443723,12
331546554445,12
447755444443,12
453555531432,12
455553143222,12
455555443322,12
555151330315,12
555551555207,12
556555543020,12
766535541547,12
1464755545440,12
4365536655554,12
4547555554544,12
5555555230322,12
7553544400204,12
45555555134176,12
63452563415554,12
73555544334536,12
336355444404322,12
515533142210664,12
555555555474443,12
737765515554440,12
2145335625555450,12
35355+4444,12
36  6601,12
463+54443,12
503+544440,12
5335775544+0,12
55+44,12
55+531,12
555073+5,12
5555+,12
5555+52,12
55555  067,12
57675  1555410,12
6-65524,12
6+700755443+,12
654+4,12
6555-1454,12
6555+4,12
6555+5,12
66   55440,12
6755+4440,12
7-605544,12
7554+450,12
76  5554,12
76-55544,12
765255+47,12
776  65550,12
112,13
322+0544444,13
54+555534221,13
554,14
1106,14
1111,14
1555,14
4404,14
5555,14
5555,14
6444,14
6444,14
6555,14
15111,14
27226,14
30543,14
40454,14
53543,14
54330,14
54545,14
55432,14
55554,14
55555,14
64423,14
64434,14
64445,14
64453,14
65344,14
65444,14
344440,14
444043,14
444440,14
535353,14
543544,14
544354,14
544440,14
544443,14
544444,14
554044,14
555305,14
555553,14
555554,14
555555,14
645353,14
654354,14
1515154,14
1701136,14
2544443,14
4354434,14
5046432,14
5354435,14
5434145,14
5435453,14
5440444,14
5444403,14
5555454,14
6454443,14
6536436,14
6655304,14
10001160,14
10700010,14
25435344,14
25630534,14
35435444,14
43443223,14
44044544,14
53135445,14
53442440,14
54354344,14
54443554,14
55555155,14
55555341,14
55555453,14
55555541,14
55555553,14
55555554,14
56534364,14
56555453,14
56557565,14
57550001,14
64434145,14
64435443,14
64435535,14
64443544,14
64444344,14
64450355,14
65345354,14
65530544,14
65543544,14
65555541,14
66553054,14
70001115,14
144032414,14
244434644,14
263536570,14
264335343,14
264353435,14
355735342,14
424353573,14
455555166,14
523364535,14
553154474,14
555555534,14
555555553,14
642442444,14
645444334,14
654054447,14
654313154,14
654404054,14
654425435,14
745443543,14
755346443,14
1436435444,14
2070107105,14
2534544033,14
2561555547,14
2643643643,14
3535434143,14
3543405043,14
3544440434,14
3664547545,14
5515555341,14
5555555541,14
6010020711,14
6434444443,14
6435434130,14
6443544544,14
6444354545,14
6444414434,14
6453443535,14
6453543654,14
6541434244,14
6563405435,14
24434340465,14
45447654540,14
45555556666,14
54543544354,14
54654437216,14
55503534575,14
55555555443,14
64353644344,14
64535434314,14
64545744443,14
65404044444,14
65455355357,14
66553054440,14
231155453442,14
343241435543,14
524324431544,14
534764422554,14
535464534270,14
555555655315,14
653154355353,14
654435453445,14
655435434633,14
700001000106,14
701017010536,14
756474457013,14
3543543554420,14
5435342434300,14
5547544440277,14
5555547673665,14
6535443644327,14
6553155434143,14
24445254434302,14
45555665335315,14
65357754435345,14
253352425034355,14
354435454744033,14
366444364447754,14
445740457654437,14
543432536554444,14
543543544345454,14
543553465443426,14
543553535444445,14
544545755442367,14
554355365443433,14
653474552314440,14
654355535474036,14
655315444434346,14
655341253353145,14
675530543547544,14
0-1111125,14
141234144644434+3265,14
257435535-3154,14
3644454444443 5,14
55-55555,14
564704  71,14
5744754  105,14
6562  1554,14
711111-,14
75535   345670544423067,14
50433,15
544454,15
46435535,15
62443154,15
4044474044,15
64545040443,15
04441434+1454,15
3+42+4443545,15
34244454+5444,15
4+5454,15
403+5,15
434155474+745,15
4453+04,15
4543+4433,15
5-43+5454,15
550404+4,15
64+440404,15
65454333+4,15
7454+0044,15
76553+05444744,15
766404+,15
54135443,16
341434144,16
534540443,16
63515542414,16
7654034234435,16
335724557004444,16
342442431552107,16
346734640004444,16
4447435434243410,16
2536565305   00,16
5344244435434  2170634,16
54341424  1075,16
64253434305  0104,16
644241 13,16
326556574400618,17
42453+1463+,17
43656404+,17
7555524513+65,17
6761607,18
47753622266,18
764440222226,18
23553474004355,18
363355347223223,18
543213355564666,18
543541434232237,18
666667157567565,18
23464526255  01660,18
3336457457426222 0015 ,18
3446654+4+00   22,18
54244355740444  22235,18
6-47-2526,18
6677165076556  002,18
7213136337375  341434,18
34646222205,19
354653627250,19
266+4400  0020370,19
276660+1777667,19
3+765363337755,19
374+7543727200000,19
53+363+434277400,19
534153 2131+3227,19
674+55+655,19
4527,20
11460,20
27060,20
32513,20
43314,20
45740,20
46674,20
66440,20
101677,20
365675,20
757674,20
1130460,20
1261700,20
2007440,20
3354255,20
3421543,20
4323654,20
4352435,20
4443204,20
6044730,20
6737146,20
7056756,20
31305543,20
42420442,20
42435754,20
43431644,20
44436217,20
45704430,20
46640343,20
50575430,20
423541555,20
433416054,20
442314164,20
444342410,20
3312507615,20
3542674543,20
4213552173,20
5442320403,20
6071756157,20
33151337554,20
33424643434,20
34511204353,20
43441414325,20
43443620044,20
70107175600,20
325202077554,20
422451462044,20
434454770544,20
544353620754,20
2146313366443,20
6076765741564,20
14335356765414,20
41331403356744,20
222522463155221,20
312353456214144,20
422463145217404,20
02+271770,20
2+452+7,20
24522011+334,20
34642424  604,20
4232553  2033,20
4335443  20,20
4343255  1744,20
443524  217,20
6067544   00,20
3341344,21
60607650,21
2452+7,21
33+071110753,21
35464+56,21
4122+403+4+665,21
423+7+543620+,21
4242+421,21
42424  0217234,21
44243434313+35455  2031335,21
4424424+6443,21
12706,22
64671,22
323466,22
466674,22
467475,22
577504,22
656044,22
660554,22
665704,22
677506,22
4324565,22
4531644,22
4654067,22
5767445,22
67757504,22
346331436,22
435133534,22
457750443,22
505756570,22
3027051556,22
3434414344,22
6760575540,22
7007320633,22
17103634565,22
43541346204,22
60001701700,22
67657567060,22
75676055566,22
243135354775,22
457737611665,22
546757405470,22
605570576550,22
1453323077155,22
3731777557165,22
4324454577655,22
6215567731305,22
6706405035354,22
25335335235233,22
57731656662641,22
334645533131067,22
506767045515567,22
640660065667714,22
755757477155511,22
'001031+7177+67500,22
+06700567404+,22
+6677074  61,22
0+010356,22
0101+76705,22
0132+727+,22
0201+777,22
1+77057770555156,22
112623+535675,22
12+7760,22
14312142544  0777,22
1434+677655,22
14523010243+535473,22
201+,22
21463133+6444,22
2243+46,22
23354+5675444,22
23354+60555670000,22
234+57765666670,22
2344+5677733031+,22
24354+557755557777000,22
24354+66005677000,22
2443+477,22
2535313+,22
254253+5755,22
25533+5570756,22
3+55667500533,22
3+5657044,22
3+76676075-1  542,22
3033+5,22
3121402+17754,22
313355473102+55442,22
31555667740141113240521+075,22
323414422+03+73,22
3241242+,22
324544443  3+43,22
325254+467,22
33+577555,22
334+6764,22
3353655673131+01,22
34+53+44,22
342556303+4,22
34255663313+512276,22
343313+05,22
34424+7655700,22
3452303243+556000,22
34532+03,22
3464+577-071,22
3514343+5774443,22
352566673031134+53,22
3531133+467,22
353557303+4,22
35425353  201334142+0,22
3552+44+575556,22
35533+54570560065555,22
3607014+,22
364+6404,22
4+557405470,22
4+5655000,22
4+56570,22
4+56705071,22
4+56745,22
4+57574050,22
4000014321+,22
401474220+7,22
4032534+667,22
410+41433,22
423523134245633+054,22
4242543  2+0,22
43+557656700,22
43+56674045,22
43123+5665443,22
4313534+57330+544,22
432+4144,22
432+55,22
43352443  20+7,22
433531+0533,22
4341  20+7,22
4342+5,22
434352+134+44,22
43443775443+,22
43534+77556,22
44+67740055,22
44+67771566,22
4422+4135,22
4422443252+,22
4432+55,22
4433+5534310,22
44344353134+6535,22
4434524  0,22
44361+054423,22
4441352+04,22
44422+4653,22
44442521+054,22
4444312+4+640,22
44444211314713+27,22
4445244244+,22
44531+045,22
44613+654,22
4543240  567001,22
473131+000715556,22
4767756-57150,22
47777755606+567000,22
524321213+055,22
5253+477505,22
52555+616331,22
53+457567,22
53+66,22
532455320+5567001,22
533+572+4544,22
533722131431103+0,22
53431+055,22
5354322+70,22
536144+556667023,22
544327311032  3244320317,22
544432  4452310+,22
5453433134+65,22
557-33134,22
577570755  5657700,22
600203710+,22
611+0,22
6344+5456  5566,22
6474+7767550556,22
721+0+57005555+5677701,22
77001+204677,22
455,23
34576,23
64654,23
67706,23
74636,23
346644,23
635434,23
670655,23
3155443,23
4606544,23
5775445,23
7566525,23
7655053,23
7655740,23
7675645,23
42436644,23
54364443,23
63654332,23
67076644,23
67576545,23
67706544,23
67707505,23
67766545,23
75707064,23
77530544,23
356674730,23
747656304,23
766557047,23
776473545,23
777654440,23
2434665443,23
6770654443,23
7767544030,23
33545355554,23
60775670445,23
67177565442,23
76776560464,23
235554431375,23
464454544431,23
675776544334,23
756660653033,23
757636055465,23
764542771535,23
4766560755433,23
5532134334243,23
5554435343570,23
67707064443033,23
577757056504575,23
677175776544430,23
02343+665,23
1+775,23
11312+07,23
1232+7,23
123312302+744,23
13240333+531+444,23
15252+5567444,23
155443  3242+7,23
2+13+,23
223432+03+54,23
23+46,23
23+5664,23
2323+43543,23
23234+52554433,23
2327+4,23
2353+644,23
2353+6544343,23
2353131+05543,23
24+3456+54,23
24223+34444,23
2425353+67,23
2444253+645,23
24521+744,23
253+566534,23
2534 102203,23
2534365+7444,23
2534676+154,23
3+27,23
3+462+554,23
3+56675,23
3+606543,23
323+52+54,23
323+65434,23
32523+462040,23
33+42656055333,23
333+5754,23
335+77554,23
33532754+55,23
34+52+,23
34+52+654,23
346753+43+2,23
35+2420,23
3524+5,23
35341334+563645,23
35355532034+5,23
36343+667765  544,23
36432+174444030,23
36676443+,23
4+56764,23
4+66757560,23
4+76065,23
413+45631034,23
414+5606553,23
4142+543,23
415+133+5,23
420+63475,23
4202442+7730,23
424313+64,23
43224+654,23
4322462+0445,23
433+4656   00,23
434+25,23
43423+461+,23
4745375554+,23
5+7657,23
5+77060755414,23
532+034437,23
5353+657,23
53544  3134+63,23
543+76365542,23
54522141+05,23
545344  0021313+634,23
54655444430331242+04,23
5532+1353,23
5544334  531+4,23
5634  464,23
56710655555+,23
57433+347544330,23
5746554  46,23
6+5434,23
6+700755443+,23
61+775775760664,23
632+65,23
633+4,23
6353+65454043,23
6354352542+3,23
63554404  353,23
63605443  23,23
64+676,23
64464632+,23
65435+424+6,23
6555454364+605,23
66332145321+75454303,23
6635444444242+73,23
6770166544330   0,23
723163+14+4,23
7464+23,23
75635544  32+3,23
75646425443  32+3,23
756464366405+,23
7575547247  56,23
75763554+24,23
764+764435,23
76534065531  231+,23
676475,24
765515,24
60770554,24
67606544,24
76756640,24
676076754,24
767576415,24
775776544,24
6757544307,24
77530725445,24
1323+42,24
23+53754433522  1+54,24
2343+5654444,24
24253+64,24
30015323+42,24
3142 +034+6,24
363+6775543,24
43134+553+3045,24
432363133+653,24
5373+567574,24
5532+13+43,24
65+576760040432,24
7+6630555,24
747463544  36,24
6344,25
7664,25
77654,25
654464,25
677065,25
5775675,25
6757665,25
7675765,25
67757654,25
75775574,25
77765414,25
675776545,25
677565445,25
767764540,25
3635524317,25
67706506404,25
77770705043,25
761776550744,25
1414335  302+7,25
222+03+4,25
224+2+644,25
2335354+676054,25
2343+14+554,25
25531243+0074444767,25
2653+65+754544030,25
27545033567+,25
3+4667,25
3+5+705655,25
3+5354  2+1+3,25
31340   1210371+77761767,25
32+1+3+444,25
322+36+7644,25
3243152+7754,25
333+5657067414440,25
3432+0544,25
3546+,25
40430   5202+10,25
423+6643,25
4231453+,25
4243+7654,25
43162+77554443,25
4365363+5667570354437,25
453+64+677155,25
4531+33+523,25
5132+1033+43,25
53235242+0555,25
5372253674+0404,25
55554+454364+67,25
6+7570755440,25
63  72+13+2,25
634242+05444,25
6435353+5707554444300,25
6457615434424624  32+43,25
65444+34+44,25
6643134+654,25
7565523544445+,25
757067055   54334,25
76+75+7654,25
4321,26
22465,26
55566,26
424353,26
554566,26
554567,26
2361533,26
2523255,26
4446676,26
5115765,26
5445666,26
5545666,26
5545666,26
5556645,26
5566457,26
5566644,26
5566654,26
5657670,26
6231511,26
6556366,26
6563537,26
6656535,26
10266670,26
12315545,26
16221011,26
17727022,26
22213111,26
36262311,26
51666645,26
54547666,26
55456655,26
55456776,26
55507666,26
55546665,26
55551666,26
55557664,26
55566653,26
55566665,26
55566665,26
55566674,26
55577665,26
55666645,26
55677665,26
57566664,26
136441142,26
215111153,26
223111115,26
243452755,26
462231111,26
544546366,26
545547067,26
551566624,26
555556754,26
555566664,26
555676657,26
555767664,26
2262212116,26
2631111155,26
3322210011,26
4144566554,26
5154566667,26
5155556766,26
5545364666,26
5545766676,26
5555556666,26
5555557766,26
5555566667,26
5555666640,26
5555666667,26
5555747665,26
5555777667,26
5556626243,26
5556766556,26
6202375422,26
6653417075,26
13235133537,26
15556666655,26
34522322115,26
42373754444,26
42653575450,26
51154656566,26
54553266643,26
55444576664,26
55515566544,26
55516626644,26
55545477666,26
55552767654,26
55554546666,26
55555566661,26
55555616666,26
55555676433,26
55556765453,26
55566765743,26
66551665143,26
151444676665,26
233231111720,26
405166665314,26
411121211512,26
411545776674,26
545545367563,26
554445447665,26
554446666654,26
555456666151,26
555507766574,26
555514466554,26
555536276656,26
555546376641,26
555546666654,26
555546777654,26
555555637662,26
555556666540,26
555564466644,26
555566666630,26
555572463146,26
555576754423,26
555576777544,26
555667665057,26
1515556666554,26
1515677565753,26
1551766665170,26
2632200111157,26
4522323411111,26
5155566666641,26
5544457676644,26
5545777676755,26
5554557665543,26
5555536662624,26
5555555767657,26
5555566666624,26
5555577773541,26
5555627266543,26
5555662656465,26
5561767546445,26
6665064654224,26
15456766665640,26
15551766760653,26
15560666554303,26
22223111111137,26
55554446076677,26
55555666664677,26
55635546366765,26
65565340776414,26
65566315270023,26
131073111255403,26
155544576666655,26
341431340325242,26
353557335122222,26
412222355244472,26
423222232151111,26
544444466666542,26
554440566666643,26
554454453427668,26
555154546766547,26
555315720657463,26
555444044466665,26
555454636666665,26
555455766263153,26
555507676666650,26
555515566262656,26
555554564666624,26
555554775756600,26
555555144672347,26
555555576765740,26
555556377241432,26
555565776665630,26
555643754457667,26
556144545717674,26
557155556666656,26
655515624553077,26
655554647555431,26
665507546345770,26
110177   40,26
1353122414  26,26
141155-4441466665,26
15-457766,26
155  4666555440,26
1555-55664,26
214353   262340041111,26
22434  2231011,26
24  223111,26
243634+56770,26
244  233010111,26
2632631011151   500,26
322441  22231001,26
353366443  33111115,26
42254  36221,26
44352234254   00,26
5-54    76643,26
5-55526266540,26
5-555616,26
5-55566665,26
5-5644+10+0,26
5-565666533,26
501  6664,26
51-1166653,26
522310+1111142146,26
54  566,26
54-14445777676  54432067,26
544-46665,26
55-5-555766,26
55-5456665,26
55+66276266,26
554454  6654430,26
555-155666614314,26
555+56665641,26
55514  567545,26
55545376664  +304,26
5555   6677550,26
55554  00675544,26
5555534   6701,26
55557666624+41,26
555614765-43,26
55564  0550670575500,26
556405   701,26
55647  5760676701,26
556567  64532,26
623256  67142,26
6242246314227700  3511213,26
65+5+5555666656,26
6552464757342464  012600,26
6555546  71577113236,26
655564  111343,26
65645745434  0301,26
6565475  65+55,26
656774153  7601,26
66555746  5700012,26
666146  70052633,26
6663375  5670,26
6665461764646  1267,26
67666567743   66754,26
754551-11767666531,26
554557667,27
1455766644,27
55155762654,27
55454466665,27
544456666143,27
655663067544,27
245334455455742,27
324362323241111,27
245713215  +15,27
4-2324257-2  2222,27
4352423525547   7-05-0,27
5-555-5516665,27
5444544+47666624,27
55+5777665,27
555+57766605,27
55544+54637666750,27
5554454+52+366674476,27
5555454+5776656,27
5555544+4537666643,27
656567  766507-06-4,27
657535  77412,27
21,28
23,28
66,28
66,28
225,28
262,28
262,28
322,28
326,28
622,28
654,28
664,28
664,28
664,28
665,28
665,28
665,28
665,28
665,28
737,28
1026,28
1223,28
2222,28
2224,28
2226,28
2265,28
2326,28
2622,28
3252,28
3262,28
3614,28
5223,28
6224,28
6226,28
6243,28
6254,28
6255,28
6465,28
6552,28
6644,28
6653,28
6653,28
6653,28
6654,28
6654,28
6654,28
6654,28
6655,28
6655,28
6655,28
6657,28
6664,28
6665,28
6665,28
6665,28
6675,28
7022,28
7254,28
7540,28
7652,28
7665,28
11122,28
12343,28
14432,28
22223,28
22224,28
22264,28
23367,28
25143,28
26265,28
26665,28
27550,28
32243,28
32775,28
36226,28
37345,28
43622,28
62615,28
62643,28
62665,28
64232,28
65245,28
65540,28
66254,28
66363,28
66524,28
66532,28
66543,28
66543,28
66543,28
66545,28
66545,28
66554,28
66624,28
66634,28
66643,28
66643,28
66644,28
66644,28
66644,28
66654,28
66657,28
66664,28
66664,28
66665,28
66767,28
73627,28
75746,28
76554,28
76654,28
76764,28
102222,28
212225,28
252043,28
252327,28
253674,28
322354,28
323235,28
326765,28
336264,28
340236,28
342422,28
422222,28
425235,28
432425,28
466566,28
511323,28
523274,28
542222,28
622653,28
625524,28
626254,28
626535,28
626544,28
626574,28
636666,28
652344,28
655245,28
656057,28
662254,28
662541,28
662542,28
662643,28
665245,28
665520,28
666243,28
666253,28
666543,28
666543,28
666553,28
666566,28
666570,28
666653,28
666653,28
666654,28
666674,28
666754,28
667654,28
667664,28
676657,28
701225,28
736423,28
762565,28
763631,28
763765,28
766543,28
766654,28
776665,28
777643,28
2223226,28
2223406,28
2223543,28
2241265,28
2362234,28
2626750,28
2636665,28
2666553,28
2666654,28
2666664,28
2727564,28
3232665,28
3362223,28
3422536,28
3633445,28
4252226,28
4533374,28
5743722,28
6254422,28
6262646,28
6606755,28
6624545,28
6664744,28
6665435,28
6665644,28
6665654,28
6666543,28
6666544,28
6666550,28
6666557,28
6666575,28
6667755,28
6703664,28
6762554,28
6762645,28
7202222,28
7262650,28
7322337,28
7365530,28
7665540,28
7666574,28
7766655,28
24322533,28
24712222,28
25222264,28
25422365,28
26225432,28
26662454,28
31435265,28
32522453,28
33241422,28
33657044,28
36534726,28
40022223,28
42236543,28
43326337,28
44222224,28
45704430,28
46222333,28
46666540,28
47667254,28
52222644,28
53332235,28
53352235,28
62266754,28
62453021,28
62626534,28
62672544,28
63654152,28
65333144,28
66176645,28
66245440,28
66254247,28
66254543,28
66266553,28
66567374,28
66645207,28
66656443,28
66661413,28
66664432,28
66665140,28
66666544,28
66674044,28
66765740,28
67116262,28
73662554,28
76662653,28
76666540,28
77665433,28
77765443,28
77776554,28
123262643,28
222622621,28
252227605,28
262544125,28
262655307,28
263655037,28
326276545,28
344227641,28
344522623,28
366654547,28
424522227,28
433463354,28
436347244,28
500225266,28
522224334,28
622254432,28
626266543,28
626554343,28
626666443,28
662642363,28
662663143,28
666464347,28
666655400,28
666664527,28
666666636,28
740322226,28
776656405,28
1222222243,28
2333755434,28
2653337744,28
3230217332,28
3354421622,28
3435223753,28
3525740433,28
4325342233,28
4352332325,28
5232332532,28
6255541033,28
6623566414,28
6666665432,28
6667065554,28
6677655740,28
7376513356,28
7655145443,28
7763674644,28
7776143153,28
26766151424,28
32662654444,28
43362262254,28
63463665431,28
65443433333,28
66266550407,28
66554404336,28
66611114440,28
67626551406,28
336222655333,28
362635750444,28
561670676666,28
626265554446,28
662665526443,28
2222654433232,28
4336222744455,28
6026506444356,28
6255554444433,28
7223766453432,28
52222244436167,28
62226654523047,28
222332440777553,28
310721633335544,28
442532333114171,28
512232130654432,28
625255554444446,28
626625653335225,28
635636064444545,28
653421622123220,28
  264  2223424,28
1053222+33,28
1443 22,28
2+0064  4534,28
2222+23+44,28
225254  22,28
2425+4547,28
2443  22,28
2445  62,28
2525453342  226,28
2544  223,28
255  22,28
255  22,28
2623263744  55,28
272+76,28
3105540232  27,28
32+24512,28
32+2565,28
32224  1+0,28
3226+,28
323  26,28
3255  23,28
33262+54,28
335266  544277,28
34+122252,28
3414  222,28
3424  333,28
345  222,28
3533+2644+35+4,28
422+25154453,28
52+22+745,28
5222+643,28
525365746  0312,28
535734722624-04332,28
5621+321,28
6+6664+,28
62614447+26,28
62654543  22,28
64  23252,28
65342634  32242+0,28
66+543,28
66+64,28
6645  5400,28
666+,28
66606    404-3,28
6664+50,28
66656334  2,28
6675  +2,28
72625544+407,28
727545+432,28
73654+54+33,28
76   543,28
76+6554,28
763644+40,28
765255+54,28
54,29
101,29
106,29
443,29
644,29
650,29
747,29
754,29
1076,29
1775,29
2024,29
3423,29
3464,29
3531,29
3564,29
3575,29
3664,29
4364,29
4434,29
4565,29
5424,29
5431,29
5474,29
5644,29
5650,29
5705,29
5740,29
5744,29
6074,29
6403,29
6424,29
6530,29
6543,29
6544,29
6756,29
7557,29
11075,29
17061,29
23540,29
24644,29
24653,29
33215,29
36452,29
36640,29
37565,29
44243,29
44535,29
45471,29
46575,29
47530,29
47674,29
50643,29
53143,29
53564,29
53574,29
54314,29
54354,29
55574,29
55655,29
55754,29
56405,29
56557,29
56640,29
57304,29
57656,29
61303,29
64313,29
64745,29
65340,29
66540,29
67375,29
67404,29
67443,29
74377,29
74674,29
75515,29
75660,29
76044,29
76740,29
157660,29
177660,29
177660,29
246456,29
336560,29
344656,29
345744,29
346424,29
355473,29
355743,29
450560,29
464453,29
473554,29
476474,29
476534,29
523525,29
531435,29
533245,29
556344,29
564333,29
566540,29
567606,29
572743,29
574043,29
575404,29
576266,29
576435,29
606405,29
621776,29
624034,29
635314,29
635666,29
636315,29
642434,29
643606,29
645053,29
654064,29
656543,29
657443,29
677671,29
702027,29
743431,29
746751,29
750566,29
756144,29
760640,29
764043,29
766574,29
771415,29
2440344,29
2544756,29
3464143,29
3466755,29
3476444,29
3656574,29
3755755,29
4001017,29
4646665,29
4653256,29
5247566,29
5315532,29
5465066,29
5466140,29
5474603,29
5566754,29
5676160,29
5766474,29
5767474,29
6421544,29
6442464,29
6456056,29
6470324,29
7534165,29
7536443,29
10177570,29
11717661,29
22202034,29
23424604,29
31355744,29
31444433,29
34532444,29
34575303,29
36346126,29
36545740,29
36554735,29
42033565,29
42535457,29
43460640,29
46457715,29
46544730,29
47655756,29
47714567,29
53575743,29
54546406,29
57447307,29
57557554,29
57656044,29
64704066,29
66665564,29
75270671,29
75705717,29
76564673,29
241657466,29
335442143,29
345414434,29
345734745,29
353256606,29
353355474,29
353355474,29
476575740,29
477644040,29
505755144,29
525235560,29
541462066,29
544236454,29
555651606,29
577557564,29
605370723,29
636547424,29
643240535,29
643556444,29
645246674,29
646745516,29
647460566,29
664341570,29
754647405,29
760106177,29
766405676,29
1353341043,29
2435203454,29
3535545630,29
3554353046,29
4535332474,29
4653341555,29
4755741434,29
4757452666,29
5341473466,29
6226610313,29
6433566630,29
6434612766,29
6533253545,29
6644660616,29
7355674473,29
7564456677,29
7754660466,29
23424540035,29
23453473443,29
35364670556,29
35572451400,29
36355705454,29
36566750167,29
54314574504,29
64322355574,29
64563665666,29
65530322745,29
71013141027,29
74365607561,29
74755001606,29
243474643254,29
246575566626,29
345564043545,29
406467476167,29
447653415220,29
453555070566,29
463465706677,29
506505506504,29
554366760707,29
576650556776,29
2534467455334,29
3646557656777,29
4343645765544,29
5636424566607,29
5776654013506,29
7534245566665,29
7656156456766,29
7714646677777,29
33220210134541,29
34543714440443,29
36535675056167,29
45446375000676,29
55447456755505,29
56635435222314,29
224145117747044,29
254744630453652,29
314573457340666,29
365432142464443,29
453513314167022,29
457364717111406,29
645634557306663,29
0171+6,29
21771131443 32223,29
23675043  54,29
24+5-41+45,29
33434547143  05,29
335356305  1015,29
3415+67314,29
3464144  5,29
3545550  666,29
355630  5,29
364657   0,29
3656371-43,29
4543456-307,29
4605  6,29
46464415+6,29
5074+75440,29
507744    550,29
5354  23,29
5424  3,29
5456+64536,29
5474664   701,29
5574  671,29
575747   05,29
57647  66701,29
607606474   1,29
6424143  13,29
6534745-5,29
65543241474  13,29
6564   4433,29
6574074+557550,29
67-44,29
7464242434  024,29
754-40,29
755775  67,29
764645354  06,29
1,30
1,30
6,30
13,30
34,30
35,30
35,30
46,30
54,30
54,30
75,30
106,30
107,30
217,30
305,30
335,30
335,30
346,30
355,30
355,30
355,30
370,30
400,30
435,30
435,30
435,30
440,30
443,30
450,30
455,30
535,30
535,30
540,30
543,30
543,30
543,30
544,30
544,30
544,30
553,30
555,30
602,30
701,30
755,30
1444,30
2410,30
3117,30
3123,30
3135,30
3135,30
3136,30
3521,30
3550,30
3553,30
4253,30
4275,30
4315,30
4341,30
4350,30
4350,30
4355,30
4414,30
4543,30
4575,30
4660,30
4750,30
5354,30
5431,30
5431,30
5443,30
5443,30
5671,30
5705,30
5767,30
6424,30
6544,30
6553,30
7254,30
7550,30
7557,30
7565,30
7575,30
10130,30
21331,30
25310,30
32017,30
33550,30
34006,30
34366,30
34474,30
34577,30
35746,30
37112,30
37466,30
40427,30
41234,30
42172,30
42361,30
43335,30
44345,30
44356,30
44443,30
45305,30
45324,30
52024,30
53547,30
54420,30
54434,30
54533,30
60675,30
65413,30
65654,30
67001,30
140137,30
271332,30
323131,30
325320,30
342356,30
366671,30
432276,30
440170,30
445700,30
456016,30
524444,30
533315,30
534435,30
542172,30
543344,30
543427,30
554370,30
564753,30
606605,30
635671,30
644336,30
645303,30
653214,30
654245,30
664235,30
675640,30
702065,30
753425,30
754341,30
754343,30
1345226,30
1412130,30
1423563,30
3242171,30
3424433,30
3533515,30
3537644,30
3544271,30
4102237,30
4304543,30
4353566,30
4435670,30
4444765,30
4523202,30
5245667,30
5245674,30
5443407,30
5443643,30
5634170,30
6553034,30
7015700,30
7544300,30
7544437,30
21135652,30
25344432,30
32355547,30
32541706,30
34364734,30
34606035,30
42434627,30
43234260,30
44514437,30
63475544,30
64543343,30
65444343,30
65534070,30
76144437,30
77545300,30
241201604,30
324211317,30
335321353,30
343143116,30
431347575,30
444437271,30
453532411,30
475044437,30
532415155,30
543356267,30
645444443,30
654434334,30
667757575,30
675507570,30
734466647,30
754403436,30
1013354636,30
1535311172,30
2342644244,30
2353467740,30
2554272107,30
3575616617,30
4543523565,30
4677745066,30
4766775764,30
5076544307,30
6067766160,30
6144443726,30
6433443254,30
24434210674,30
32314210776,30
33454142162,30
34654353157,30
64344230134,30
64364664004,30
66775707550,30
211777576060,30
336424631060,30
533353645657,30
543344531173,30
543355357575,30
544444444473,30
545272326544,30
563544403273,30
646467667705,30
653245210313,30
653431424555,30
670660605430,30
756534356004,30
1655444473712,30
3363421462004,30
3753444344333,30
4253645567311,30
4331442217704,30
4335544440370,30
4363457753014,30
4645577055705,30
5323535572105,30
6077605674034,30
7426466500533,30
7535352270353,30
11201012352406,30
42554243466647,30
44537554433232,30
50767675576544,30
57667467751706,30
63140544443372,30
64353436647040,30
66075046734771,30
143146321067414,30
207200767760017,30
234563446767144,30
236543247462102,30
241342410544154,30
343536573566715,30
353444544444373,30
353444766757433,30
353635667140445,30
354375675574034,30
354632441526308,30
355740346325674,30
372335465040403,30
434724343466507,30
435213334567756,30
446453244675740,30
464243133753357,30
524065540325342,30
536066453630014,30
543232452177403,30
545245313464004,30
636353636765440,30
644431123033566,30
654424320303144,30
655554444444037,30
674075357670705,30
677075177057641,30
727007760657501,30
746677574046458,30
763535770507074,30
5.05254444444343E+016,30
+5403+01,30
0+00,30
0+010356,30
004+44,30
0302+34,30
031+40,30
0756475+,30
1+71+3,30
1042+104443+7,30
11+0,30
1274+54465,30
2+4143,30
2+55670,30
22254+,30
2262635  25,30
23+41,30
2342457415  2005,30
2343556401434  22105,30
23456357454  0055,30
23544121426543  074,30
235544+2,30
2355456754+440332,30
24143+,30
244+44727,30
252+4557,30
253+41,30
254+43,30
254443+7,30
2643+,30
3+44,30
3+45,30
3+52+44433712613,30
3+5434,30
3+544,30
31505443402+77,30
31543+3352,30
3244+53,30
32454+,30
3356324466740432  5,30
336364343332+3,30
33644433+263,30
34+56,30
34224543764444043+,30
34272+055,30
34564+0,30
34575643+0727,30
3464   4+44307,30
34657443+00,30
35+544,30
35+6+540272,30
35343564   07   60,30
354+,30
354+3,30
35434+37,30
35444+72,30
354443+43+,30
355443+76,30
3576443+07,30
36+443  5+5,30
36+555454445,30
36354443+7,30
364543+,30
36456576713+1004175,30
3655345332+73,30
37444342+,30
376336605540 75770565574,30
3765545443+43+32,30
4+   41,30
4+4,30
4+4,30
4+43,30
4+44,30
4+444,30
4+444,30
4+446,30
4+447,30
4+45,30
4+5,30
4+5147,30
4+53,30
4+544,30
4+64403,30
4+654,30
4+654343626,30
403+4,30
4053+,30
41+434,30
414+,30
4143+54,30
42+451+543,30
42+544,30
42+6201,30
4254734+26,30
42642424  217103,30
43+41+4,30
43+447,30
43+464,30
43+6444,30
432+454,30
433+55,30
43421+510,30
435+44,30
435+443,30
4363+65,30
44+03,30
44+044277,30
44+44,30
44+5,30
442+,30
4422413+5,30
443+5,30
443+554,30
4436544433+6,30
444+4,30
445+44,30
445355345332+32+,30
4456  317,30
44655443+,30
45-36-54,30
45+4,30
45+57,30
45+64,30
453+53,30
45364443+72+5,30
45364444+00,30
454+,30
45413+,30
454677544+4307,30
"4564734152577  0070705750
765640",30
463754543+22105,30
464312425  20335,30
4646061435472+74,30
465+44432,30
46563505643221475  302346,30
472434467540   07755,30
47476656706+404,30
4764444+436,30
5+0447,30
5+1532,30
5+4403,30
5+443,30
5+443,30
5+44330,30
5+5443,30
500575067057074707575  7050,30
50577557156640  70,30
507065675403   7166501,30
510444+437,30
524432+,30
52445444+04+3233,30
5254-4+4,30
52554+3,30
53+204343,30
53+453,30
53+65,30
533+52,30
53500+6544043450,30
5354+4442325,30
5360443+07,30
54   43+00,30
54+,30
54+4,30
54+400123,30
54+40123,30
54+447,30
54+5,30
54+5,30
5402443+36,30
542344+434+334,30
543+,30
543+5433360,30
5431404  2352,30
543534514625 0777,30
544+44,30
544+44737,30
5443+7,30
54433+3,30
54433322+,30
5464+,30
55+5343,30
552443+43+6+,30
5540443+33+,30
554737  44443+07,30
555+460,30
56153+4,30
564+,30
564+070,30
5730667753605657  00,30
6+54437,30
6+7714013,30
624442+,30
624535472+,30
63+60663453337,30
635444454+444+343235,30
6355444+43+5,30
6356444043+43+26+63,30
63755342+,30
64+175,30
64+4,30
64+44,30
64+53+55430425+,30
64+552+43451,30
643+,30
643+5,30
643+52,30
644+44,30
64413+7,30
6444+4277,30
6453+0225,30
6453+7,30
6454+2,30
65+5,30
650+44307,30
6505+5440,30
652444+3,30
6525+5444444443,30
653+,30
653+056,30
654+4,30
654+4040+6,30
654+40400,30
654+517544,30
65433152  07613,30
6544+17,30
6544+4070,30
65443+,30
65443+433,30
65444+,30
65444+27+,30
654444+7275,30
6544444+7,30
655+444307,30
6552+,30
6554+44+,30
65543+34,30
65544+3,30
65544+437,30
6575524534+57,30
66+5530620,30
6632467424  2053,30
6641443+07,30
6654+4100,30
66543+,30
6655+440307,30
66553+470,30
670744+437,30
673654443171171+,30
675413+070,30
67554+40307,30
67706153534+5477,30
7   01,30
7  543072,30
7+004125,30
7+554+40307,30
700+000,30
7001+05,30
701+01,30
7020+7,30
7254443+,30
7365413443+43+7,30
74+753,30
7454+0,30
74557463135657075  2015,30
746376444+433+2,30
75+5453,30
750677560640  00,30
751353+,30
75153453+76,30
752444+377,30
753653+54447,30
754+44476,30
75424402+7,30
7544+437,30
75444+0,30
754442+76,30
754444343+,30
75504+470,30
7554+0,30
75544+2,30
755443+,30
7554443+07,30
76+6+544+0+70,30
7644+443363,30
7644+443366,30
764443+03+6,30
764543+04,30
765403+,30
7654143+436,30
765443+7,30
76554+0277,30
766540442+77,30
7665414403+7,30
77044444+273,30
7744444+434,30
77564143+07,30
77674+4140,30
7776444+,30
777655404+4,30
6423,31
50674,31
63467,31
355445,31
507654,31
534467,31
643466,31
654444,31
757076,31
777654,31
1253425,31
1324364,31
3655447,31
3675544,31
4036457,31
4317554,31
5350655,31
5555413,31
6434655,31
6770654,31
7653544,31
34675440,31
35153236,31
35467544,31
35467544,31
35775444,31
36547544,31
43465555,31
46675554,31
47640254,31
54675555,31
57357055,31
57756755,31
63314354,31
63475440,31
65543536,31
67076454,31
67766551,31
123423274,31
154335457,31
245521046,31
353531555,31
353570654,31
363557755,31
364655440,31
364660555,31
364675551,31
365770555,31
375346554,31
401334760,31
436477555,31
436477555,31
445375555,31
463535755,31
535357755,31
634355754,31
634675444,31
643557544,31
664255454,31
2554364503,31
3053670554,31
3344754540,31
3463545540,31
3535544444,31
3555445355,31
3636554246,31
3655535674,31
3755445416,31
4034457544,31
4255357554,31
4364775440,31
4555435315,31
4555514347,31
4634355475,31
4643646055,31
5240310225,31
5343667755,31
5346770755,31
5444213463,31
5455075440,31
5607167544,31
5707654440,31
6335570555,31
6345770065,31
6354677544,31
6355770754,31
6436446544,31
6545706555,31
7070665444,31
7175747554,31
7466544424,31
7576354435,31
7642554444,31
25554543466,31
34531355410,31
34734055554,31
35354650755,31
35355764544,31
35436675544,31
35453357544,31
35456777551,31
35534677555,31
36767066544,31
42053575054,31
44642420545,31
46336570544,31
52343554054,31
52354667755,31
53355765444,31
53461444435,31
53635755444,31
53664606514,31
54242055443,31
54344550755,31
54354670055,31
55335567755,31
56432365444,31
57007555410,31
63357675440,31
63471410554,31
65523420445,31
66075445444,31
67075535440,31
67076544440,31
67565334446,31
67600665440,31
67671765544,31
76076654440,31
76625555435,31
125444242420,31
146453555443,31
233342554432,31
263527675044,31
335570725555,31
346075544440,31
346767554440,31
352457715444,31
352534317075,31
353554421336,31
353557755440,31
355324105544,31
355324205443,31
355533014107,31
357654444400,31
375565575544,31
406355761544,31
435345725454,31
454043235421,31
465453543432,31
467467155404,31
475775545440,31
543545474650,31
543754571544,31
553143107544,31
553646770655,31
553675544400,31
575772675541,31
607076614551,31
616465544425,31
631754244445,31
634572420555,31
646554432364,31
653436560605,31
671076554444,31
676065453427,31
735724075555,31
746065544440,31
760657075554,31
765775545447,31
775306555424,31
1654444735722,31
1677565065454,31
2342432705444,31
2353557704442,31
2365452056722,31
2435460555454,31
2436460555443,31
2553214310754,31
2555524131073,31
2706771605555,31
3523554443207,31
3535355553217,31
3535467060544,31
3535554417356,31
3643657705440,31
3654555531430,31
3754454034576,31
4234163274544,31
4253667544430,31
4255454363570,31
4455676544400,31
4773707554540,31
5335707355444,31
5335742465554,31
5355443425032,31
5355444347542,31
5463454155544,31
5475444444203,31
5554443244217,31
5554534350372,31
5555534242173,31
5735365544432,31
5775675544400,31
6365444543173,31
6537557060554,31
6551444443536,31
6670071655444,31
6767066544300,31
6776056006544,31
7341310554540,31
7675754443020,31
7676076544443,31
12341413177555,31
23243635707544,31
23253536775454,31
33572421555544,31
34316553146107,31
34755522320444,31
35253544424207,31
35347574707555,31
35455531417453,31
35475677005454,31
35535777505440,31
36364550055544,31
36535544544236,31
36554444352442,31
37355765544403,31
37557560755450,31
45335554444173,31
45355460717655,31
46765706554044,31
52543252173560,31
53533647555320,31
55234535775445,31
57770776544400,31
63546577715544,31
67677065544340,31
67767565545320,31
73461410155454,31
75544443033145,31
77054444044377,31
123253457346045,31
153535544443041,31
165553355536346,31
201767577567654,31
231346555544032,31
232535346754444,31
243101075444441,31
243645705753445,31
253356724621066,31
253577555554444,31
255255535331543,31
255357470755450,31
274333103036554,31
335345700554144,31
335754443432211,31
343655544203358,31
344570165555218,31
346554454444431,31
347133107504440,31
352545444535450,31
354214317754422,31
354363656004671,31
354364624516007,31
354444403352432,31
354535543252134,31
354655543130345,31
355554443313546,31
363454667755444,31
363457605744400,31
363634567400656,31
364363646577055,31
375457754706056,31
405544654744536,31
435335466707656,31
435474635444443,31
435554454442335,31
436414217554544,31
436555516356042,31
444404274557535,31
444543135146108,31
452435554444431,31
452554444431346,31
455431335421356,31
456747074535345,31
460707523444441,31
462473207545440,31
524445444536450,31
531367320545443,31
533357245311545,31
533536465706614,31
533572472115555,31
533573462105444,31
534431457535545,31
534567300555544,31
534573432055555,31
535455444414473,31
535535467075440,31
535544442431131,31
535636465770056,31
540165354440313,31
543546676510450,31
544635357616441,31
545363457007656,31
545364567471545,31
546331424155552,31
553634670765555,31
557273556701406,31
563354657070651,31
573522765544434,31
574547344555444,31
577441453345355,31
577575777654444,31
577676560006544,31
633535567070545,31
634567405555545,31
634674265545444,31
634732574217066,31
635444440371321,31
635544044314534,31
645415544435147,31
653315417035444,31
653336475554444,31
654454353315314,31
663423575444043,31
676777065544440,31
710750760706655,31
730123523555444,31
734653421544444,31
742470553633131,31
746770155444431,31
757644573215554,31
776541524444054,31
2235242045544430,31
2323542416055440,31
3451463523205560,31
4353457065444440,31
067+574066  54446560,31
07655+45,31
132+433  4444,31
23577544+44,31
2436  54444,31
24646   544,31
2543+475544+0,31
25444443545+73253+575,31
2555553042  32362035,31
3+6547554,31
3120+755440,31
3165555444  36442421,31
335356   7554,31
33567-555443211+03+5,31
34356-00065556,31
34545355706  5444302,31
35036555077  54,31
35336544444  3134,31
353564507  55,31
3553636 40,31
363+66375755554,31
364354445  4313553,31
36447555443+070,31
366544037   50440,31
43+55705443,31
43646  5554,31
43655444433221  6245670,31
453535777-5551545447,31
4535460757060  55,31
453551+7,31
4632+43142+1+3+7455544+444,31
4632+6230,31
467500607067  755454,31
50747  0545,31
53+560755,31
532446  55,31
532525555442+7435634,31
5334454607  54,31
53354706  5444307,31
534345646704+40,31
534475   54,31
5354443432  31141075,31
5355432  2133,31
53655554444040+0320334,31
545454413+4753256,31
54735754555  4544,31
554144432313 5,31
554334133+57,31
563546    4,31
57345577  570544,31
57677750675   0544,31
5776706  5442,31
5776707  554443022,31
6207005+5,31
6243557  544430,31
634365707  554,31
6346  544,31
6355444+3233213463,31
653757751   54,31
6554331414  10114353,31
670776655145+44444,31
717   606775000,31
73635-45444440,31
76460700+6055,31
76764355444+6,31
7777654+40,31
5255540346,32
75663331554543,32
443+452+4727544+43,32
3255,33
3355,33
45774,33
142107,33
253261,33
532456,33
717623,33
2532107,33
4253217,33
6534314,33
24414217,33
37106532335,33
54342422034,33
536534735517,33
633655376214,33
23563667440454,33
4.54114324502034E+017,33
5.53521557357657E+018,33
63355240  007133,33
63452234245634504  702273,33
2,34
226,34
227,34
1336,34
3545,34
5405,34
5675,34
5676,34
6365,34
12371,34
45735,34
55676,34
56516,34
57656,34
57675,34
123425,34
133325,34
526135,34
574034,34
667375,34
1311257,34
1331237,34
1333121,34
5577755,34
6365135,34
32432310,34
35244755,34
42742420,34
2132343310,34
45464365540443,34
0+5-7443071216,34
3174+76550,34
345465+7654,34
35633556+0071545,34
4-233554444,34
44+44,34
453+557755,34
464443+07,34
-41222634,35
-3464547,35
-435544,35
-144343,35
-43544,35
-35433,35
-14432,35
-5744,35
-4403,35
-4326,35
-3565,35
-3415,35
-454,35
-354,35
-172,35
-144,35
-121,35
-74,35
43,35
44,35
45,35
106,35
301,35
345,35
430,35
644,35
4143,35
5433,35
5444,35
6553,35
6553,35
6554,35
6666,35
24545,35
24631,35
40433,35
40444,35
54424,35
55647,35
65544,35
66413,35
74434,35
76655,35
335445,35
365544,35
556544,35
655350,35
675347,35
4432244,35
4534056,35
44325446,35
45346713,35
761544363,35
4454434331,35
435444646371,35
4565554444404,35
4565754444716,35
457761444113272,35
674755141553453,35
-317-55,35
-50-05,35
+55-443,35
0-0,35
0-0-00,35
0-0106,35
0-1010,35
0-40,35
0-50501,35
00-1,35
025-27160,35
04-324,35
05-27-,35
05-33,35
117-75-,35
143-31533,35
15-,35
15-4-4447,35
154-333,35
17-1217,35
223456-,35
233656-443,35
23415-,35
24-2314,35
24-42,35
24-43,35
24-433,35
244-3,35
2444-43,35
2456463  3405-46445363332624,35
25-44,35
254-44-37,35
255-443,35
255-6341,35
2556354-544403,35
2644-32,35
2654-24,35
2664-35,35
30-02,35
314-301,35
323556-36,35
3254-335,35
32547-,35
3341457-,35
3345-,35
34-2,35
3424-433,35
345-,35
345-6,35
34557-5,35
345667554-044727,35
34675544-4403032,35
35-,35
35-4,35
35-4,35
35-43,35
35244-43,35
353424-44,35
3545-2,35
3545+,35
3546-,35
3547-,35
355-443,35
3554-040,35
3564-4,35
357-44,35
36-0443,35
364-3404,35
364-4,35
365775-44307,35
4-0356,35
4-1+4,35
4-3,35
4-324145,35
4-33,35
4-334,35
4-335564,35
4-34254434,35
4-34276,35
4-35,35
4-354,35
4-354,35
4-354-34,35
4-36-557-,35
4-4,35
4-4047,35
4-43434,35
4-435,35
4-44,35
4-44,35
4-44-27-7,35
4-443070,35
4-44327257,35
4-44437,35
4-453,35
4-5,35
4-714223,35
40-,35
403456-,35
4035-47-,35
404-3,35
4044-27,35
4167760-,35
42-45,35
42060-,35
4312-,35
4334146-,35
4335677-,35
434-33,35
4343+57  55347,35
4354-4,35
436-334,35
44-0230-67-,35
44-3,35
44-30-0,35
44-32,35
44-354,35
44-3554,35
44-4,35
44-4-22,35
44-40,35
44-4334,35
44-45,35
44-45,35
4424-342,35
44254-35,35
444-440-300,35
444-5,35
4444-40-37,35
44450544-44256,35
445-,35
44757606-,35
45-1454,35
45-43,35
45-47-37,35
45244-372,35
454-740,35
455565355-437,35
455754-40-34255,35
456-333,35
456-741437,35
45654-34265,35
45654-4400,35
456735255-34533332,35
45754-44044,35
464-13,35
464-4224,35
465-74370,35
46675544-027-,35
47144-314,35
4765144-41140,35
47754-,35
5-13,35
5-354,35
5-4,35
5-4,35
5-4-335,35
5-423,35
5-43,35
5-433,35
5-434,35
5-4344,35
5-435,35
5-44207,35
5-4434,35
5-4440,35
5-444326,35
5-444327,35
5-4444,35
5-466-5437,35
5-54,35
5-544402,35
5-545,35
5-64314,35
50-,35
50-501126,35
5060765-444027,35
5067776154-424457,35
52734-2,35
535-3,35
535-6-,35
535544-4303,35
5355444-371  14,35
5364507544-454444404023,35
53775-54,35
54-0341,35
54-3,35
54-322,35
54-34,35
54-35,35
54-354,35
54-4-33444,35
54-407,35
54-423,35
54-432431,35
54-433,35
54-443,35
54-44351,35
5434-22233,35
544-,35
544-,35
544-,35
544-57-,35
5444-0403,35
5444-320,35
5445-34361,35
54476-,35
545-,35
545-334,35
545-3532,35
545-7-,35
5451-,35
546-,35
546-76,35
54654-54031,35
5474-4,35
55-2344433624,35
55-253,35
55-34157,35
55-36,35
55-4,35
55-4,35
55-427-,35
55-43,35
55-437-,35
55-75-54+1-0-,35
552544-3364,35
5534-,35
554-,35
55464-7,35
55554-44307,35
55554-5302,35
55614-4436,35
55654-447,35
5566575-441342,35
55666744-130-7,35
557-0,35
557354-44+75,35
557757754-44207,35
56-630-,35
560776644-0+30-,35
563645-443265,35
5644-3470-,35
56455-70-4,35
565-33,35
565-35,35
565-5303,35
565415-448,35
56544-4,35
5656-4065,35
5665-440,35
5675365-435,35
567544-37-,35
57-4,35
574-,35
57437-7-,35
575544-332,35
57575-,35
576444-27,35
57656-,35
6-01222,35
6-43,35
6-43,35
6-45,35
6-530-34,35
6-54,35
6-54430,35
6-563,35
6-75-44307,35
6-755-40-5,35
600-35,35
605345-333726,35
60675144-30-2,35
6070644-4427,35
614435-3,35
62535-3453215  34,35
6255254-403,35
635-44325,35
64-,35
64-3,35
64-354,35
64-4-44-32,35
64-42,35
64-43,35
64-43,35
64-4324,35
644-,35
644-7-5,35
6443-53334,35
64444-,35
645-  353,35
645-4,35
645676064-04421757,35
646-,35
646545-4445,35
64764-534060,35
65-3,35
65-3364,35
65-4-2,35
65-43,35
65-432,35
65-4443,35
65-45,35
65-50  7,35
65-535,35
65-544,35
65-5440-631-,35
65064754-44,35
65345-423255,35
654-43,35
654-53,35
65436-,35
6544-,35
655-300,35
655-44444,35
655-53,35
65544-0-37,35
6555-43,35
656-407-,35
656-47-,35
66-55-,35
66-550,35
66250-,35
664-0347,35
664-1434,35
665-5405,35
66515-35,35
665435-46-,35
6655-43170,35
666-4153,35
667555-4443433225,35
67375-54-40-35,35
7-00,35
7-0112,35
7-455-25354  546,35
70-025-,35
714-33,35
74-043,35
74-432,35
74567-,35
75-244-04432,35
75-43645,35
750-01,35
754-3,35
754-4,35
755-31,35
755-403,35
757-   116,35
757760553+42660,35
76534-,35
7655405-77-,35
77-1026,35
77-210222,35
77665-640,35
44442,36
55635544432,36
222203365554544,36
544,37
567753633732,37
655441434332,37
5247755444401,37
3223555-4444432213,37
74-332,37
