chaincode331,chaincode331b,huruf
570755-,570755-4,د
43B055-,43C055-,ڠ
-5555-43+,-5555-43+,ر
-02211-11177154575-,-5441-032211-111713,ک
+4363A24111-,+4233A241514575-,ن
3564-53B,7654B-,ت
53647555-535-44,-53647555-535-44,و
666,666,ا
153555544535+44443b+73,755555544535+444433b+3,ن
56-0555a5554-45+54+,56-45555554-45+54+,س
+4425355-54-4+,+4425315-54-4+,و
66,66,ا
+3213A,+3213A,ت
354A5745-,5A770545-,ف
-555543+3,-555543+3,ر
554544b44444444444+3,5554544b44444444444+3,ي
675355-,675355-,م
32+21-42522,+32+21-,ا
11114-46554433,-465544331111,س
463754,463754,د
35a505-,570a5-,ج
53467555-444,153534655-444,و
36436660444-,43726646044-,ه
-55555432,55555432,ر
6734115a04-,67341105a4-,ج
-43+222,-43+222,ا
765,765,د
5b354+722,5A5b354+322,ي
65,65,د
6A53+,2A6+,ن
4352+22A54+,+657+50A+712A+,ݢ
-5555555533,5555555533,ر
4544b444-43,54544b444-43,ي
p01v1-line3,,
,,ا
64A5b+,64A+5b+,ن
+362245,+4536242,ل
+45+,425,ه
555555-555B444,555555-555C444-4+,ش
-4+432544b-,-4+432544,ع
b-35655,4b-35655-,ي
-55544-4+4-4,-55544-4+4-4,ر
675,675,د
66,66,ا
5555554+7,5555554+3,ر
6754-3+45665,6754-3+45265,ي
665,665,ا
5B667544+,5B667144+33+,ڠ
33+2621-515-,-5+4442211-1,ک
+4+5465655-5+444,+5465655-5+444,و
15+3A+,7A55+,ف
+35B55-,+35B55-,ت
5555444+444,-5555444+444,ر
4b44444444-444433,5A4b44444444-444433,ي
570554A-,570554A-4+,ف
-4+3354B57754-,+33C5453754-,ڠ
-534+54724436313261-11,-44331-11,ک
631326,53424434264231322,ل
665A5A55-4433,655C55-44331,ث
2+75757-60654-,677557-646404-,ه
045b04+43+,-145b4+,ي
+43632622504-,+42433252224-,ل
-535B750+5766+7745-5,-535B750+56+7071-123,ڠ
,,ت
,,ء
6-75,6-75,د
66,66,ا
0A7-,0A7-,ف
-645A54-43,645A54-43,ت
765,765,د
06055-034+,0605c4-,چ
-034+0262+2,4534+222+2,ا
55645-7,55645-3,ر
5355b444-4433+6,5A5355b444-4433+2,ي
p01v1-line4,,
674155-,674155-,م
-2+2121,-4+334-2+2,ا
-1054675+55-35473,-354331-10,س
75,75,د
6a2,66a,ب
45a-,45a-,ي
4A+5-4+,-4A+5-4+,ن
+32B-,4+32B-,ت
-56555A44443,56555A44443,ن
,,د
,,ا
55543+,55543+,ر
15-4b3,A15-4b+3,ي
7A55c54-4+,7A5554-4+,ف
325-053+76224-,324-3245-53+7654-,ط
-13+222,4-3+22222,ا
1A06,5A67,ن
7545b5444-44433+326,4545b5444-44433+322,ي
4A675454-,4A675454-,ق
-535b+,-535b+,ي
32413455764+,+324134557654+,ص
+1335-6-7+4+5+62725-,+335-6-7+4+443+25225-,ه
-465A0055-432A,-46555-432C,ث
6B4-,6B4-,ت
-5554+527,5554+532,ر
5-555555555444+,5-555555555444+,س
+45a5455-,+45a,ب
5455-443+,5455-443+22,و
+221B07,1B07,ت
765,765,د
5a-64+,5a-654+,ب
+3162222,322222,ا
60565555-4432-,60165555-4432-,و
-2006,-2006,ه
666,666,ا
5b20255,646b555-,ي
A-5554444-444473+36,A-5554444-444433+32,ن
p01v1-line5,,
544A5-,054A5-,ف
-55534+357-7,-55534+353-3,ر
6+6,66,ا
50B,4C5,ڠ
575-75543+,575435-,م
+35252+253+,+35252+53+,ل
+633+3-,+25233+3-,ا
15156+655054,-15156+6554-4+32,ک
75,75,د
,76655A5-4433,غ
7B6655A5-4433,,ن
5B55A44-,,ف
111432,111432,ر
5B55A44-,,غ
+433+343+5362156+,+433+3456+2+1,ݢ
+076555b5+54444+44-444443332,76555b5+54444+44-444443332,ي
564-054444+,5644-54444+,س
11-1110175-,+3355321311-111,ک
-16711,223553,ل
-346565-,534565,ي
-0-75403+221,65543221,ن
6+476454-,6+4764544,م
04+342256-,-4+342256-3,ل
-3+363654,+254332,ا
5-336b,75-36b,ي
46055555-43+3,46055555-43+3,و
64A55-,64A54-,ت
-74a4+,-354a4+,ي
+0727222,332222,ا
,,د
66,66,ا
,764a-,ي
,364C57556+700-00-1,ڠ
26675-,66675-,ل
-05222,05222,ا
252555-54b43+3,665555-54b43+3,ر
53+6235655545b+444-44437,56+6767555545b+444-44433,ي
p01v1-line6,,
66,66,ا
6+57750-5505-,65775011-,چ
-34+534b64-,-34+534b64-,ي
-4546,-4546,ه
60415-,60415-,م
+3436224-,+3424-33224,ل
-34546765-3+,45467655-3+,غ
+12A71-117161-17+,+32232A1-11727+,ݢ
76065555-54754+40373+326,+52555-547544+4333+322,ر
262251115454,+2221111,ک
54C-432+,26545224A-,ت
+222,-432+222,ا
654+3A,654+3A,ن
3555,555,ه
41a5-,6545-,ب
415b-,454,ي
-2454A44-,-454A,ن
-5A655A,+225-5A,ت
5555544444444443+73,655A55555444444444433+3,ن
254a-,654a-,ب
-555554+75370,555554+75433,ر
64A5,64A56,ف
675455-55534+6,75455-55534+2,ر
66,66,ا
750414-3+,750414-3+,ڠ
+32522244-,+32522244-,ل
44-5,44-5,ه
66,66,ا
6+4706b51404-,6+4706c51444-,چ
-3+5b3+64+,-3+5b3+24+,ي
+43755,+43355,ه
675,675,د
64a+,64a+,ب
+222,222,ا
60606555-4432,60066555-44321,و
13117,3135,ه
76650,3135,د
44-5555555544+,44-5555555544+,س
+46a43555-,4+46a43,ب
-543+212,3555-543+21,و
+212B17,+212B13,ة
261-14-655,15664-655,ک
-655A5-443+2,55A5-443+2,ن
p01v1-line7,,
6B5454-,6B5454-,ت
-44C4+,-44B4+,ت
+333663,+332233,ا
5A760,5A7605,ف
5667b50000425,64b034025425,ي
63467,6347255,ف
5555-5545272+,55-5545322+,ر
+34116222111-,+34112222111-,ک
-1055-443+,-155-443B+422,ت
+426221717b1,02213113,أ
5A-,5A-64,ن
-6505B54-432,55C54-432,ث
66,66,ا
7-65,7-65,د
25-6405-,65-6445-,ب
-65755543,-65755543,ر
73A10653,7A0716535-,ف
5-43B,5-43B54,ت
54676554443,676554443,و
555555555554444+,555555555554444+4-,س
+4-44655A54-43+22,655A54-43+22,ن
64-44,64-44,س
-44a-4+,-44a-4,ب
+35644a-4444277,+35244a-4444332,ب
24A-,64A-,ن
-53+56453,-53+564,س
574A67+0444+,535367+4044+434A,خ
+44755,455,ه
6B54-432,654-4a32,ث
65577506504a-,655775400,ه
-4+4a,06544c-4+,ي
272722,332222,ا
6664,6664,ل
457,453,ه
7650,7654,د
66,66,ا
750554-,755454-,م
-43+34262224,-43+342,ک
b3-46655,4b23-,ي
A55444-4443+36,46655A55444-4443+32,ن
p01v1-line8,,
4A375555-,5A707555-,ف
-5555472,-5555432,ر
66+6,66+6,ا
,,غ
666,666a,ا
4656b0501-,4651-415c46404-,چ
-4b3+4-,-4b3+54-,ي
+4-1456,-456,ه
4a,5a-,ب
a-3155-,-7a415-,ب
-554-444,-554-444,ر
66,66,ا
4A21750655555445354444-4433+0,5A60417655555445354444-4433+4,ف
265571,2655,ل
755054-444433+,75701554-,م
+6222,33+2222,ا
365545B-5454-444433726,765545C-5454-444433322,ث
7654,7654,د
151155-45444+,555555-45444+,س
+3522224554,322225,ل
4554B-44336,+3524554B-44332,ت
5-235a,65-35a,ب
-235a46605555444,46605555-444,و
5-222424,2665-,ل
4B55656706+0+7-65700,424B55256706+0+7-65443,غ
555-55665-,555-55665-,ک
-354667555-44,354667555-44,و
64A,64A,ن
65A4-346,65A4-342,ن
5a24-,65a4-,ب
-555543+6,555543+2,ر
55b-,654,ي
254C,B55b-,ت
+426222,+422222,ا
76555B54-5353435627,7655C554-5353435322,ث
p01v1-line9,,
644+347+,644+34,س
347+4-43,7+4-43,م
-436534A5675555,6534A355,ف
675555b55-44437,6555b55-44433,ي
245221515-,2211112,ک
-75463A+,-225463A+,ت
+35A6+,+35A44+,ن
+50406a04+4-,+6546a4+,ج
+4-446554-444+,+44-446554-444+,و
+26612+142B057,+266711112+142B01,ڠ
64b54-,64a54-,ب
-4B634,-4B634245,ت
46455554-535474+43,6342455554-5354a34+43,و
655B4554444444+4535-4444444443+733+6,655A4554444444+45a35-44444444433+33+2,ث
654a,65a-,ب
a24-,-4a24-,ب
-555-5555-4+4444,555-5555-4+444-4,ر
666,666,ا
5A707655444c44,5A7076554-4444,ف
6534+,65a-,ب
+262,+4222,ا
65a-,65c-,ث
-534B5765544-,5a34B5635544-43+,ق
+32335346665-,+32335342665-,ه
5305543+,-1435543+,ي
+24255-542+35,2415-542+312,د
6A0765554-4,6A0765554-4,ف
756554-,75542454,م
+4A433+5-,4+4A433+,ت
-66a054,25-6a,ي
A-554-5444444+44443,54A-554-5444444+44443,ث
p01v1-line10,,
7641,7654,د
4555543+,4555543+,ر
+34-11243A543+,3521243A5,ف
+633655-433,32335-433,د
57706555-5544+,57706555-5544A+4,و
6+66545-,6+66545-,ل
45a-,-54b+,ب
-54b+,4b235b6-,ي
-5444A+44333,23A5655-5444+44333,ن
44555-45a455554544535-,44555-45a455554544535-34,س
+5337262,34+5333222,ا
5B6671554-,5C667154-,غ
-24-4B665-,-124-4B6,ت
-554454C+73,5-C5544534+3,ث
4-55555555-5+555,4-55555555-5+555,س
55243557655,5246b311355,و
5055-55666555-554433,5055-55666555-554433,ک
75571065-,7+55064355,م
-03464A4-,3424A44,ن
-4+32525-432,32525-432,د
5C45760505-,5C45760505,غ
-555554-32+,555554-32,ر
-122114-,430-212211,ک
+2A1520-,32+2A1524-43,ن
45-55555555C5444+,45-55555555C5444+4423+,ش
+442465+,4423+26504,ع
+7643b+,3b+2455,ي
+2455555-55444+4-44-4,455555-55444+4-44-4,ر
6A056435-,6A056435,ف
-4+3A5-,-4+3A5-,ن
-42B534565-,42B5321,ت
-55443+4-44,105-55443+4-44,و
76A55530,76A55543,ن
7655,7655,د
,,ا
6B5b54,6B5b54,ن
5a5555-,5a5555-4,س
-43462545+,-4324542,ل
+67554,5+675254,و
156+6554+72,156+6554+32,ک
p01v1-line11,,
765,765,د
65504+4-,65454+4-,س
-4454246555-44,4454246555-44,و
4555-554+,4555-554+53222,ر
+527221716,1716,ه
66C55-54032,66C55-54432,ث
6754444-43+,6754444-4,س
-43+222,3+222,ا
665,665,ل
b6205-,b6425-,ي
-655A5544-4+334,655A5544-4+334,ن
4554+15-4566+665+,45554+5-4566+665,ک
+32054655-,+43241,ي
-5555-44+444,655-5555-44+444,ر
666,666,ا
765C5544-432,765C5544-432,ث
46a7-60505-,46a7-6415-,ج
-453455554-4,4053455554-4,و
5555-55A6665555443,5555-55A6665555443,ݢ
66,66,ا
05765-64040553+,0576444-25455,ص
+43622223-,3+4322223,ل
-1555767647-,2311-2222311,ک
-5755A054-346,5A354-342,ن
766-4-,766-44,م
-04A54+,-4A54+,ن
+324-243+2,324-243+2,د
5B575-,5B57405-,غ
-005555543+,5555543+224-,ر
-0211B074b4+,324214514+,ق
+224-,-04b4+,ي
+32525564505+,421422131,ص
+74-045,54-45,ه
575-054+,575-054+,م
+35-422127622+,-422132522,ل
+2755,22+325,ا
655b,655b,ي
346B7655-5544+4,346B7655-5544+4,و
,,د
606+4-,606+44-,م
-04+3422+,4+34216-,ل
+526-54,542+2,ا
-5115576+6554+43,2+6223-5151576+6554+43,ک
p01v1-line12,,
575-0,5745-,م
-045a4+,-45a4+,ي
+54A44-,+54A44-,ن
-4B43+,4B43+,ت
+6332+622,23322+22,ا
65-452B,65-452B,ت
35655-44-4,35655-44-4,و
6765-,6765-,ل
-346755-4,346755-4,و
5B7,5B7,غ
07653A,07653,ف
55-4,55-4,د
65-53B5755-,65-53B,ت
5755-4444+34,5755-4444+3,و
66,66,ا
+34A4+127712,4A4+133212,ن
54635565676,546356-211,ح
a550510715566+77011,a55052372011511566+77011,ج
666,666,ا
6a5-,6a5-,ب
-55555-32,55555-32,ر
666+66,666+66,ا
756066-,75066-4452,ه
+4+43-73325567a,4+433-3325567a,ي
405666+7,405666+7,م
56404-443+,56444-443,س
+2222,2222,ا
265-,265-,ل
-650454-,6454534-4+34,ي
+342A+,4+342,ن
+5221a1-,21-110,ک
+65-54+322+1A,+165-54+3222+21,ن
55-55555555544+,55-55555555544+,ش
+4524+643+,4524+,ع
2455b5-,643+2455b,ي
-5555-54-4+444-4,-5555-54-4+444-4,ر
666,666,ا
6a4-,6a4-,ي
-5543+21A,554A3+21,ن
567+75-,567+75,م
-54+243B6755444444435353454744333+,+245352B4444444353534534447333+,ق
+33456b543,+33456b,ي
0644+455b,5443244-455,م
p01v1-line13,,
252114-445-,25245,ک
-5b35-,5b35,ي
-453B544444+33,445+B3544444+33110-0,ت
555555555+55-,555555555+55-,س
-53365755-54,53365755-54,و
6466+,6+7011-11,ر
+0701-511,6464,ه
55-555555-,55-555555-43+,س
-43+22,43+22,ا
66654,666545,ل
5b4-,5b4-,ي
-44A+,4a4A+,ن
+2252,4A+2252,ک
65A-432,65A-432,ن
a27012,26+7a,ب
2226+7,70122,ا
556543,55654a3,ر
6C570514-,6C570514-,ڠ
-5a4+,5a4+,ي
+344C6576056+70001,34244C57656+70001,ڠ
570606,570606,ع
757044444+,6757044,م
+33-3b+33,+33-3b+33,ي
55456666+6,55456666+6,م
66,66,ا
54A,54A,ن
5b-4+,5b-4+,ي
+6226,3443262+22,ل
454-6,454-6,ه
5A70755,5A70,ف
55-5532,75555-5532,ر
555-5566654,555-5566654,ک
55A-72+,44A-3553,ت
2+0270,+422,ا
6A54,6A54,ن
65C-543022,65C-544322,ث
5555555554C4444+,5555555554C4444+,ش
+434455-,43453-145,ع
-7545b-,545b-34,ي
-3714655-5555444+44,65-5555544+444,ر
76550,76554,د
45-5555+555444444-,45-5555+555444444-4433+,س
+322,322,ا
666543,66654325-,ل
25-5b46,5b465,ي
55A5-4444+3,655A5-4444+3,ن
p01v1-line14,,
574-,5744-,م
-05a4,5a4,ي
4A44,4A4,ن
4A33+,44A33,ت
+262,+2221,ا
45555-555555444+,45555-555555444+,س
+3+625+21-,+3+225+,ل
-2+33,21-2+33,ا
67404-,67404,م
-55B444443+211,55B444443+211,ت
6a476-5040,6a476,ج
5477555-5443+,41045335455-5443+32,و
+3214711A122271-111-075545-4443722,44433311A122321-2111-0712,ݢ
5A-23,5A-2353,ن
53+43A36261a1-1116654+4-,46223A32251a4+4-51-111,ݢ
-55555543+22,5555543+2241,ر
41+4-510b1214+71+2434533+726,+10b12134+4-534531+233+202,ي
0A54,0A54,ف
45655-543+,45655-543+,و
7022271,0222,ل
435+7521-2A,+1435241-2A3,غ
654+4+,654+4,س
+4+25A5,4+25A5,ف
55-55-54+32,555-55-54+32,ر
1B07,21B03,ة
666,666,ا
06765035+,0676445b35+,ص
-04333+4266654-33+2,62654-33+2,ل
665a43,665a43,ي
44B7554677+00+601,44B755467+30012+4,ڠ
7a55-,7a55-6,ب
-6-473665065404-,-473664405244-,ه
-4+505554+57,54+55554+53,ر
6+7554+67474-443361,6+7554+67474-443321,ي
p01v1-line15,,
,,ا
64A,,ن
54B4-4432+,,ش
+222,,ا
,,ء
66,,ا
6434,,ل
465-43+,,ل
+42245560,,ه
65B-,,ت
-43464-43+,,ع
+2222,,ا
576,,ل
6544-44433+21,,ى
666,,ا
635a3+5+,,ي
3+5+34-4,,س
B57655-4444-4+433-3+2+,,ؤ
6B4-43+2,,ث
+42533456760544-,,ه
-2+7222,,ا
555543,,ر
57654b44-4+42375,,ي
45555+45+,,س
+4745+43141065+5-,,ه
-720722,,ا
67-56+446372107,,ي
65a4-,,ب
-5554+5271,,ر
34,,د
,,ا
6A4-,,ت
-54B7660+0767+50-0,,ڠ
5555-5544444+4-,,س
-4645-3+,,م
+6a4+,,ب
+3555,,ه
5-5555555544+,,س
+45365352A,,ن
55-4,,د
65-5a,,ي
553+4,,ر
6654436,,ي
p01v1-line16,,
5555555555453544+,,س
+445644A-53+,,س
+42622,,ا
6B5750,,ڠ
43B555,,ت
761,,د
56065543B,,و
,,د
7B655543,,ؤ
65a5-,,ب
-0555543+21,,ر
5555536,,ک
3626,,ا
7-655B55-443,,ت
353+265111,,ک
26260,,ا
6+54-4B4444433+26,,ت
775,,د
6a74-154+,,ج
+72220,,ا
67-54-,,م
-4467555-4354+,,و
+732B4-260434+26,,ث
5+355-,,م
+3223,,ا
-5011-01566565-,,ک
-5342+2615,,ن
6a4,,ب
5467555-443+21,,و
110+6,,ه
7575655-,,م
+234A54775144-4+,,غ
+35222A11-,,ݢ
-0044-435,,س
-435B-444444444444435473333,,ت
p01v1-line17,,
555555554+,,س
+43547555-3+,,و
4364,,د
4+56+75+757,,ه
3555-74+,,م
+527223,,ا
4151-111-17-70616-,,ک
-565A55-543+46225,,ن
46+5-75555555554-444+4-,,س
-4454214+11-116,,ک
622604,,ل
4b2+4+532,,ي
+5325A,,ن
655-543+21123,,ث
55553+41+66,,ر
66,,ا
7655C5-45354445435354733+3262,,ت
5667403,,س
355-4365-,,م
-544-3+3253,,و
+325365C44-535343526,,ا
65C44-535343526,,ث
5A7056,,ف
675154-44+3,,و
262654-,,ل
-344C75564-700+57-6+57+0,,ڠ
55-55427,,ک
626407-,,ل
-75605455-54-33,,و
66,,ا
750550,,ر
544544-5665-,,ک
-356555-4444+3,,و
76554B544-4545444-443326,,ت
p01v1-line18,,
666,,ا
6b4,,ي
535+4-4,,س
63C467555-543,,ؤ
7557067055-03+,,ه
+4262,,ا
+2251670111111,,ر
567546+5-5b443+,,ي
670765554-43,,و
7001-1A1122,,ز
6b5465-,,ي
+5543+225,,ر
666,,ا
666,,ل
-453544535345+3473+,,س
+62622242+,,ل
+2667331,,ا
37665605055555,,م
575-043+,,م
+2232+,,ا
+126221-11155+,,س
+446256055544-3+3,,ؤ
6057+61,,ء
766+504-,,م
+4524B47545-,,غ
-33+76222,,ا
765,,د
66,,ا
4A760655545-4443+3762,,ف
6+6552+,,ل
2+23,,ا
66645-,,ل
-076655-544+47,,و
3+6211115,,ک
32555+472,,د
66,,ا
2666544444+454+,,ل
+6356-7506006+6,,م
p01v1-line19,,
76a-,,ب
+52A21-11,,ݢ
4A5-4+,,ن
+32525-432+2,,د
4A657531,,ف
65-5454+75-2731-,,و
-356+210711+20,,ن
757+4044-43+,,ح
+222,,ا
5A765650003+,,ض
+534b+24-,,ي
-65655-5544-44+4,,ر
765,,د
547605555-4,,و
671,,د
4C6755-543,,ؤ
65a6,,ب
65-05554+32,,ر
0+55-555-554+44-,,س
-6-454-43+,,م
+2222,,ا
56655707b,,ي
570740666+6,,م
7650,,د
65a43+,,ي
+62+2,,ا
76-5,,د
666,,ا
6475A54-45464372,,ف
555554+5455-444+,,س
+435a3+111,,ݢ
2621-1675532,,ل
75707-5504-,,ه
-4+35222+,,ل
+245a-4+,,ب
+527222,,ا
6644,,ل
4B57640+74677+50,,غ
570765554-3,,و
55-5A554+53754,,ز
665b,,ي
55-54+527,,ر
66,,ا
6764-,,ل
-12355644-43+,,ع
+2222,,ا
66A665607-,,ل
-40666+6,,م
p01v1-line20,,
5555555544+,,س
+362+21145-,,ک
-45a+,,ت
+4333b+,,ي
+46222151166533+46,,ک
56705+,,م
-4+3254C4-67655-,,غ
-42+7222+22,,ا
7-6-5,,د
66,,ا
4A6-755534-5443+2215,,ف
560655-543,,و
66,,ا
55A554272,,ز
6655b-,,ي
-055543+2,,ر
+2435414a-,,ف
-16474531A07305-,,ه
-353+3252+,,ل
+22552+223700-,,ا
5770765555-543-3+,,و
66666,,ا
+33A2511274-5-44443-3+221,,ن
6a5-,,ب
-555452+72,,ر
6B753,,ت
465b-,,ي
-332B5574+,,ت
+6324576+744-453+,,ه
+32+622653+4-35,,ل
5170457,,ه
761,,د
4555555544+,,س
+36b3-,,ي
-4B64,,ت
4755544-33,,و
,,د
67076555-44+3,,و
+112+3011266,,ل
+3b4+112+3011266432,,ي
7+45b,,ي
465-4352B,,ڠ
25-43+6,,د
64A7,,ف
55-5547,,ر
6B75,,ت
547467055-543,,و
66,,ا
655A54-43+221A-,,ن
,p01v2-line0,
,2621411,ک
,5243A,ف
,255-3+42,د
,65-43,ل
,42B15,ق
,54444+3,س
,3464-543+,م
,22222,ا
,6-54A4-43+422,ن
,64a-54,ي
,B6556760013,غ
,66,ا
,57-,م
,4454A-4443+422,ت
,65a-,ب
,43B244,ڠ
,44-443+,س
,3222,ا
,5606555-543-3+,و
,666,ا
,3155A55444-444243+32,ن
,6A707,ف
,644-5554,ر
,55-5555665A76,ݢ
,6544-4b43+3221,ي
,5657,م
,75574,م
,045+555544+3,ر
,6b454,ي
,435a44,ن
,3B3+3-,ت
,35555,ه
,57574354,م
,4+43253C463645,ڠ
,343+222+2,ا
,7-65-4,د
,666,ا
,6A70765554-454444-4+33,ف
,6+65-52+,ل
,2532,ا
,75647555-54535-43+,و
,666,ا
,333A1514453-45333+131232,ن
,p01v2-line1,
,76a5,د
,67470,ه
,60474-53655-43,و
,665-,ل
,4353554-543,و
,66,ا
,7654,ل
,3525,ل
,43+244124,ه
,7B654,ت
,467555-44+3,و
,6577444-,ه
,2456554A-544432,ن
,4555-4466764,ک
,34231545-,ع
,4444444+4-444365a4-,ب
,43+35554+53,ه
,77654,د
,5C75-,ڠ
,04565A54-43,ن
,64B53+4-,ش
,4325A4-,ف
,432+222,ا
,5567411-05-444-,ع
,44434+3A3A654,ة
,5554+53,ر
,6453-543+26555-443+3-,س
,443+3-24+4111223,و
,22332+2221,ل
,75A-,ن
,6433a5,ب
,5754b-432,ي
,6666,ا
,77-4-,ل
,3265-432,ل
,434245112,ه
,p01v2-line2,
,65a4,ب
,55554+532,ر
,45556666535,ک
,54B445353453433,ت
,766454,م
,3+4555553+2,ر
,476740+044,ح
,532521055-5543+3,و
,464645666+6,م
,67-50014-4+,ع
,32535,ل
,5b4+352+,ي
,3552+,ه
,666,ا
,665644-,ل
,55554533+2214,ر
,373141212,ح
,40701,م
,53425545,د
,3524423+1,ک
,602111,ا
,75B6+45-444+4332,ت
,6c45,ب
,5c45,ي
,5B44-44433+2,ت
,7B65,ت
,35b4-4,ي
,32525-433,د
,666,ا
,5B7-06-55444-4433+2,ق
,64a-,ب
,455555432,ر
,66,ا
,676355555454-44A4+3,و
,7675a44444444434+,ب
,534353+653,ه
,p01v2-line3,
,5A-6,ن
,64334252+2A21,ݢ
,5-11+0554+3,ر
,254131443+22132,ي
,6a745-,ج
,4044465355-44+3,و
,67605044,ه
,-565542,ر
,765,د
,5B-760,ڠ
,65A5-443,ن
,65701111,ر
,64A5+5-,ن
,443B5,ت
,5555-43+22314,و
,2231424C4-444-535444444444-33332,ث
,,د
,5B674-,ڠ
,0365A-4a43322,ن
,55555554544a44,س
,4254A644,ف
,5554+5322+,ر
,756B+45,ي
,4A543+,ن
,+3B43,ت
,3555,ه
,6664-,ل
,43B25,ق
,544-3+,س
,3465-,م
,43+22222,ا
,76A55-43+322,ن
,50-5-1555555-55444+,س
,1102102211,ک
,+223422A615,ل
,2713-45b,ي
,-3+3211,ن
,-5544-3+C3211-,ث
,p01v2-line4,
,5555-55355,س
,355-755-54-43+2,و
,6+6,ا
,2B10,ة
,654A753,ف
,5655-443+3,و
,-0A4+5112332,ن
,7B7543,ت
,54b-4+,ي
,2415-432,د
,,ا
,7B566B4554-342,ق
,3+476754534-4+,ه
,4+32222,ا
,6557,ل
,554b-432,ي
,654a-,ب
,4+322,ا
,266554-,ل
,5435444-4443b3+324-25211453655-,ي
,545535-335+322,ث
,325331111,ک
,4A675-42525-,ف
,2525-443+2,د
,7246+0c-11007554,م
,+254-7246,ا
,555-555-535+254-543332,س
,4321-1+1,ک
,5353167454-,م
,3+42525-,د
,6b56,ي
,5A5-4432+221,ن
,373564657505-,ه
,-43422+222,ا
,55553B42,ر
,665b-,ي
,65C-55554+444444444333333,ث
,p01v2-line5,
,76065,د
,666,ا
,6B65,ت
,53C5655-53532,ؤ
,+2253,ل
,53B4-,ق
,-5244-4+,س
,55-34+,م
,+2222,ا
,7-6A554-432+2+1,ن
,577055-433,و
,55A-554+3+225,ز
,645-,ي
,554+322,ر
,654B54,ي
,766+4-0+750B6543,ڠ
,65a-3,ب
,32525-32,د
,41b2335,ي
,0115-44+10,م
,1023222,ا
,7-655A5-4433+22,ن
,756+5435-,م
,-34A24-,ن
,35225a-4+32,د
,5B67-614-,ڠ
,-155554+,ر
,+53322211111,ک
,53344-112+02+4+,ن
,6B53,ت
,35b-36,ي
,444-4B+3,ت
,3455,ه
,75,د
,5B667014,ڠ
,+4-1325A65,ن
,6555B-4443+321,ث
,56755A,ف
,-5554+532,ر
,764455-,م
,43+222,ا
,06755555A5-544-4433+3231111,ن
,p01v2-line6,
,5aa5-,ب
,5555432,ر
,75644,د
,66+6,ا
,4A664-,ت
,464C647+70-5-644+3,ڠ
,645+346+5,س
,6+5-43,م
,-43+5a-343,ب
,3+355,ه
,65,د
,5B7+675-1434+,ڠ
,4+25A,ن
,654C4-4433+2221,ث
,666+66,ا
,56b5-,ي
,-434+,م
,22222,ا
,6555A4-5544-44444433+3222111,ن
,65A754-,ف
,32+222,ا
,64B,ت
,54b+,ي
,+43+4263543+2221111,ک
,45-5555666455-,ک
,455-55432,ر
,435a564-4+,ج
,322215-1,ا
,1100556765655-,ک
,5655-543222,ن
,45a555554554444-4+,س
,445a34,ب
,3422+2,ا
,665-444+32-,ر
,6+666,ا
,3314+22C71557+6+770-01023-3,ڠ
,56+75A45-,ف
,55554+5-32,ر
,57574-55+,م
,3222,ا
,655A54-433+221,ن
,p01v2-line7,
,66,ا
,455-566654,ک
,655A5-55433322,ن
,6B765,ت
,43b5354,ي
,-444B33+,ت
,3555,ه
,555534+22,ر
,6+6,ا
,45a4655657156+5406+0+7654+43,ج
,67654244b,ي
,244B523556306440+76544+2,غ
,6653451464B,ت
,451464B5555-55554-55+444444444,و
,66666,ا
,5A70765444-,ف
,+3426453+111,ک
,253+1222,ا
,65b4,ي
,65A55-4322,ن
,56455-555555-5444+,س
,4442225-14+,ل
,+2351453+5672604-43+,ط
,+222222+2,ا
,7-655A5-443+221,ن
,7654,د
,666,ا
,6B5-,ت
,353C55544-433+225,ؤ
,6706544a-,ب
,434+222222,ا
,46606555-55554535-4444333+2221,و
,6666,ا
,p01v2-line7,
,4030a-,ب
,266674,ل
,55a67,ن
,-10255675a044-,ج
,-443+22,ا
,4a-455-5665,ک
,66A5b4-432,ن
,654-,ن
,-3425245-55554,ݢ
,-5555432,ر
,57555545b44-44433+322,ي
,4767504624-,ج
,73+4222,ا
,5B7457-4-,ڠ
,0646554-43A+422,ن
,2121,ک
,44c3242643143+,چ
,35-4b355355-,ي
,5544-4+343,و
,6666,ا
,66,ا
,75A0554-,ف
,43+222,ا
,76543B,ت
,555,ه
,6A665-3,ک
,-345535-5544+,و
,+322A41-4-3115354333+321232521,ن
,666+6,ا
,65b6555-,ي
,5545444+44332,ن
,55-5a4545544-4444444454344444-4-4+,س
,+333354534-,م
,-153467555-55555-54444-44332,و
,66666,ا
,p01v2-line9,
,7675445-,م
,4-3643+42A5-,ن
,125432,د
,567604,ڠ
,4455-55543,ر
,15-22432,ک
,+3A1520,ن
,6B5643,ت
,35b-36+4,ي
,4-4B3+,ت
,+45-5,ه
,475605554-43,و
,55A-5543+3+14,ز
,6555b-,ي
,5554+53221,ر
,6+70767-7-407504+,ه
,437-2222,ا
,+73414254a-,ب
,2224,ا
,2766544-44+,ل
,2C4215635040+6+4707654344,ڠ
,55554-3+2,ر
,666,ا
,754755-5544-3+3,و
,66,ا
,7655-54A,ن
,2555-44322B,ث
,-40a12,ب
,+2217+01-12-,و
,40-555-45-,ک
,5566565A6+5-2217+,ن
,670666,ا
,66665-,ل
,454B360-60765-443,ڠ
,44544-44-676653-,ک
,-624715A4-5453544444354-344333+,ف
,+232333,ا
,27266544-44,ل
,42B551451674064007654433,غ
,p01v2-line10,
,0567054a564444+,ج
,-44331-11,ک
,+353634214-,ل
,-53346762125554-443,و
,75644a-,ب
,-3435413634,ل
,34534A42435-,ن
,4332+32a415,ج
,52222222,ا
,5B64,ت
,640675555-4432+,و
,+24214A-3+,ن
,-4432221410,ک
,-133654675555-4432,و
,455-556665-,ک
,52351655-443,و
,5-52351655-443,ر
,6+6666,ا
,5C6+5700156667,ڠ
,644444-,س
,44C44+,ت
,+3222,ا
,56406675445-,ه
,353556554-43,و
,0A60654434-4+,ف
,63322222,ا
,6-543B,ت
,545b4+4,ي
,35435263216554-32211-1111,ک
,555554376,ک
,5222,ل
,4325-33A65775554444-4332,ق
,5756435-5+,م
,354c-44+,ي
,32222,ا
,2666554-44-44+,ل
,353B23a5456+7000,ڠ
,p01v2-line11,
,702B5x,ت
,6+22,ا
,566+70111110,ر
,654,ه
,625646533A+34,ل
,556+3,ه
,5A7463554-44-4+,ف
,4424244+311-11x,ک
,267x2,ا
,665b,ي
,655-5432+2111,ن
,4A6534-43+,ف
,43+22222311-,ا
,76-5,د
,-31x15-55-566655435-4322,ک
,66666,ا
,764-53A,ن
,4457255B444-444433+,ق
,334522A3x5x3x544-3+32,د
,666,ا
,46544A75x5x44-,ف
,43+22+22,ا
,6B7-54+,ت
,3555,ه
,4555-5A-7665-,ک
,53355x1x5-4444+3-32,و
,400A1123x3+22,ن
,3A64535x44-33+,ف
,5322222,ا
,6-43B,ت
,54b+4353+,ي
,35265x22111-11x4+32,ک
,5555-5555-554444+,س
,4354242+02141-11111,ک
,x22x45,ل
,x22x45b+32-,ي
,-5665+5A5-4533+32221,ن
,6666,ا
,736554,د
,p01v2-line12,
,57454+,م
,434262x5x211-111x432,ک
,6B5-,ت
,55532,ر
,64a-,ب
,3522232x3-,ل
,-564A61a-,ن
,-40x4a-43+,ج
,-43+322223-,ا
,-511-10-7452x56565-,ک
,565-54321,ن
,674A454365x6x5-444-4+,ف
,343534x314+1-11x,ک
,222222,ا
,5b6465+,ي
,5A4-45332,ن
,75-64444a,ب
,34-3+3325222A000-011x,ک
,36544A-4433+,ن
,25233x55-433+2221,د
,465454-,م
,45-4A444+,ن
,3222+32,ا
,7B654+,ت
,3555,ه
,5755744+,م
,5-555554+,ر
,532241143564-,ح
,-436534x55-5x3x543,و
,7545-566+6,م
,55554+32,ر
,665,ا
,4545a35556166+6007+645x7061,ج
,7654a-,ب
,55555554533+22,ر
,76544b-43+,ي
,24252x5-544-33+22,د
,666,ا
,p01v2-line13,
,67454365x5x55-543,و
,45A55-54b533,ز
,6455b-,ي
,554+32,ر
,666,ا
,6265-x2x44+,ل
,+45324x44-43+,ع
,2222,ا
,66576-,ل
,445666+66,م
,5-55555-45343+,س
,222,ا
,5-42C35564a4+,ڠ
,35B55,ت
,35B55,ت
,-55543+23+252+,ر
,+4336354-,ب
,-44546304+4-4444+4+,ي
,333455222x4-,ل
,4364535B5766667+0000,غ
,666,ا
,22675x5x54-4b43+3221,ي
,62665435,ل
,555,ه
,6455645-,م
,3A5-43,ن
,43+2A-,ت
,565-5554+4-33,ر
,71265554-433+211,ي
,,ل
,,ا
,54-554636465a3x5-,ک
,56647555b4-4a43+21,ي
,37544x35246644665,ه
,44+35+222232x45,ل
,-4a432,ب
,22222,ا
,26-5x222x55535444444444+,ل
,44+433152144C4245x666,غ
,p01v2-line14,
,75455,م
,56354,م
,+35a-,ب
,535325x55-554-4+3,و
,66,ا
,552355x44-34+,ڠ
,365-2221-010,ک
,465-54-32+21-10+7,ن
,6+54c-454+,ي
,332222+2,ا
,36-555x6x5-54-3+422,و
,6+66,ا
,64A54,ت
,4b-434,ي
,322+22,ا
,,د
,5b-5555555455354445353545354+,س
,+2223,ا
,72654b-,ي
,4254B36654600+75x7+370-0x1,ڠ
,53454-,م
,-4B5-4355574+,ش
,574+4744+314-,ه
,2102x4364355x5-5442,و
,41511x54+3,ر
,265643,ل
,355,ه
,343643A+,خ
,51x4a+,ب
,32446555-5544+4443,ر
,25001C-011234x3353+2221,ث
,4535-545-566654-,ک
,-544A44+,ن
,335342222A1111141x44-,ک
,5555555-43+3223+,ر
,21140b-310131x1x4x4x235x3225,ي
,6666,ا
,7-5643555-443+3-,و
,151x55-42+243+1+,ر
,6+66,ا
,543C425x66+6,ڠ
,p01v2-line15,
,765,د
,666,ا
,4B5-,ت
,655464B355-443,ؤ
,66665-,ل
,54343A514-,ق
,-43+53644,س
,4254-4+,م
,322222,ا
,7655A44-4433221,ن
,765,د
,765,ج
,43+242555-43+2,د
,b123,ي
,454-55665640,ک
,46-5A54-432+21,ن
,55555554+2,ر
,6+66,ا
,4535a64-5-55453664+50-0+65x211x44323-244,ج
,5A7544-4+,ف
,4254B355x4,ڠ
,-44+2425222x,ل
,44b-3345-,ي
,744466666,م
,454645-544-56554,ک
,406a60-0544-,ج
,5364355-44+32,و
,1431713351655-,ه
,55543+221,ر
,46464,م
,567445,م
,5554+2+20,ر
,64-545,ي
,455345,ن
,5+333,ت
,33355-5,ه
,5545-55665-,ک
,64555543+221,ر
,6666,ا
,5+6435325a4576444-,ج
,+32222,ا
,p01v2-line16,
,4a53534a524-,ج
,3+2222,ا
,675,د
,2355x5x4b-44+3221,ي
,7A654-,ف
,+4254B5-,غ
,+222,ا
,3A564-,ف
,-454b3+,ي
,+42A525,ت
,5B4-44443+2,ث
,675,د
,66,ا
,65B-,ت
,365x5x5544-43+22,ؤ
,47545,م
,5475-5-64+,ه
,456233x35645-55+555545+33,ر
,6+6,ا
,151a345566+754070+65x6437+0x4,ج
,67344564-,ه
,-4+34222x5-,ل
,-4a32+,ب
,222,ا
,2565x22x3-,ل
,-44B543556640+6+765-4302,ڠ
,6+4a5-,ب
,55543+2,ر
,6665,ا
,253A,ن
,5bx5x54-443+22,ي
,656a435-,ب
,-4b42+,ي
,2222,ا
,5-64435255-432,س
,65a45-,ب
,554+22,ر
,11223111-11170621-,ک
,5-55543+221,ر
,5444635a4+x55-5565740-7+76544x4+660x4-x44x55,ج
,p01v2-line17,
,666,ا
,45b5-56646,ک
,655A5-43+42221,ن
,4643245575,م
,-4+4B5-443+,ت
,22222,ا
,654526,٢
,7654C-44433+221,ث
,64B,ت
,655A-444433+22,ن
,25244Ax4x345x444-3+,ف
,342522232400-000x,ک
,45-5555-54533+2222,ر
,14345505-,م
,+4322222,ا
,345A535-,ف
,5555432+221,ر
,643A5x25x55+,ک
,64-030x443+2211,ي
,5-4665,ک
,4445a22411522x4-,ج
,-435355x13x5-43,و
,475x35645355,ه
,-5554532+221,ر
,65,د
,6C54-3,ڠ
,3545365A55-443433+52221,ن
,6A+4454+,ف
,x6x4-3+23354B353265x54444-,ڠ
,+3343+262x5x22345x444+,ل
,4b334,ي
,575-456666,م
,p01v2-line18,
,5-556665644365-,ک
,-35a34+,ب
,35322222,ا
,754653555-4443+,و
,22202131,ه
,65,د
,63355x55-43+,و
,11323152x,ل
,334x5-4b444c3+22211,ي
,666,ا
,5325x5x4b-4443+221,ي
,2665x2x,ل
,342555,ه
,6B654-,ت
,555553422,ر
,7655444A-444+,ن
,444+43322222,ا
,5754364-4566666,م
,555555544+,س
,+45a3,ب
,355a4-444+332,ب
,45-555555-554444435+,س
,4334522+22x,ل
,444+44,س
,+44b44+43+,ي
,+25222+32x4+,ل
,+355,ه
,67355+,م
,34-44354475555-x5x54443+,و
,+33+2411122+3222,ل
,564A464x41x45-,ف
,45-55554+5-3221,ر
,30123Bx,ت
,x2+222,ا
,05202-x5x4x666+6,م
,p01v2-line19,
,A+65454-,ف
,x6x3+42B54-3,ڠ
,,و
,,ل
,,و
,65a3,ب
,5-4+3A,ن
,255-43,د
,66,ا
,45553+42,ر
,5344b-543353+222+1x1,ي
,55555-555444+,س
,445554+32,ر
,355-543+65640x3221x1,ي
,55555-555444+4-,س
,-4567544-,م
,-44+22+22,ا
,5554+32,ر
,666,ا
,44A3521x,غ
,555-55534+212,ر
,55,ب
,55-44C3+2221,ث
,653B,ت
,65b-4+,ي
,43522x55-43+22,د
,666,ا
,5763543B6x55455-354443+322,ق
,6665-55,ل
,436764636,ا
,5-55-464A-,ک
,5435522425x54745634-45a34+32221,ي
,654a-,ب
,555543+2,ر
,6554B,ت
,4+4322222,ا
,555555-54+322,ر
,66+6,ا
,p01v2-line20,
,5555-5-454,س
,-4a3+,ب
,222+2,ا
,555534+22,ر
,666,ا
,674C545251x657+076+55x6+70,ڠ
,2654x2+21-1,ک
,55-5554+32,ر
,54544235615a4-3+,ج
,422222,ا
,36-55C545-4433+22,ث
,3654,د
,44521B4x,غ
,3655A54-432,ن
,4511a,ب
,44426c,چ
,-44433+22232,ا
,455555554-33+221,ر
,606+66,ا
,555555444+443+,س
,+52B5253+24252,ق
,5-5343+22,د
,5554+5324-,ر
,2214122111-,ک
,05x5432+221,ن
,47-654+326106,ه
,4-43A5-243+,ن
,425255-43+2,د
,667643665,ا
,7-5B4635554-443+32,ق
,5764644-,م
,4+325-22x,ل
,3534A5343,ف
,65354-4+432,س
,522211-1100,ک
,4A655-43221,ن
,53343153x4-355134+,ه
,22222,ا
,576-554533x55-543432,و
,66666,ا
