rasm,val,urutan
6755,1,2
4364+5,30,3
45-343,35,4
3756,28,5
5352,30,6
+7646604,25,7
4235254431775,31,8
654,28,9
6553+,4,13
052+36317+4,31,14
65-43,2,15
3+534210,30,16
46+,30,17
664,29,18
332,1,19
544443,5,20
666631,2,22
524324431544,14,23
4653341555,29,24
62626,1,25
3354255,20,26
653336475554444,31,27
75540,11,28
264-,2,29
322222,1,30
662643,28,31
32522453,28,32
32541706,30,33
23424604,29,34
62626,1,36
62443154,15,37
45346713,35,38
764443+03+6,30,41
62,1,42
75746,28,43
537544440,12,44
53+43435256400+4564+5,8,45
5-4-335,35,46
5247566,29,47
1323+42,24,48
44337272226,1,49
625255554444446,28,50
222,1,51
6653,28,52
2425+4547,28,53
33454142162,30,54
5432+,4,55
4527,20,56
443624714,1,57
535734722624-04332,28,58
24653,29,62
5254-4+4,30,63
643+,4,64
545-442,2,65
6355444+3233213463,31,66
222,1,67
23424540035,29,68
31543+3352,30,69
2322332415,1,70
232535346754444,31,71
4352435,20,72
310721633335544,28,74
346753+43+2,23,80
22,1,81
2436  54444,31,82
3533+2644+35+4,28,83
4-233554444,34,84
42373754444,26,85
12371,34,86
5-435,35,87
55-3,2,88
4336255342,10,89
7655145443,28,91
66665,28,92
422+25154453,28,93
335321353,30,94
355735342,14,95
456-333,35,96
272222223,1,97
534524343 20017,8,101
424353573,14,102
5+5443,30,103
2222,1,104
2435243+4+53,4,105
36+555454445,30,109
22,1,110
6243,28,111
52+22+745,28,112
431347575,30,113
4242+421,21,114
455,23,115
146453555443,31,116
455555332,12,117
5555532,12,118
22,1,119
3214446,8,120
6-530-34,35,121
24+5-41+45,29,122
3322222,1,123
66665140,28,124
2233534,1,125
26766151424,28,126
1535311172,30,127
2234,1,131
525365746  0312,28,132
2+0064  4534,28,133
21771131443 32223,29,135
354543534553433,8,136
55553223,12,139
1515154,14,140
55234535775445,31,141
6255554444433,28,142
23,1,143
76+6554,28,144
33657044,28,145
241201604,30,146
64253434305  0104,16,147
3262,28,148
55635544432,36,149
22,1,150
62643,28,151
272+76,28,152
4353566,30,153
43314,20,154
342422,28,155
6423,31,158
55554,14,159
32+24512,28,160
6756,29,161
22,1,162
4555534322,12,167
76764355444+6,31,178
66266,1,179
644+,4,180
6324,2,181
53461444435,31,182
35223237,1,183
47667254,28,184
353424-44,35,185
143146321067414,30,186
755054,4,187
3755445416,31,188
736541243-33,2,189
53+65577147,4,190
442314164,20,191
4254-442,2,192
65443364,10,193
66245440,28,194
122623236,1,195
34557-5,35,196
3423,29,197
6254,28,200
2+4143,30,201
3524+5,23,202
343241435543,14,203
35421722,4,204
645415544435147,31,215
6624545,28,216
22233706,1,217
6424,29,218
3535544444,31,219
33315323+27 143174,4,220
222,1,221
4234163274544,31,222
625524,28,223
225266,1,224
543364556403,8,225
54-443,35,226
2222224,1,227
54+24443+543,4,228
5555534242173,31,229
54+5,30,232
3+42+4443545,15,233
435345725454,31,234
5555+52,12,235
226,1,236
53 226,1,237
453555531432,12,242
35743+74031+,4,253
-35,2,254
54433524,4,255
626624,1,256
436347244,28,257
222203365554544,36,258
222,1,259
64232,28,260
3435223753,28,261
4363457753014,30,262
353554421336,31,263
4555422,12,264
2402433676-400,6,265
43441414325,20,266
454544444042014,4,267
76366666667,1,268
44243434313+35455  2031335,21,276
322+0544444,13,277
545344  0021313+634,23,278
2454+53437  +5536,4,279
66265,1,280
44442,36,282
22,1,283
102222,28,284
73662554,28,288
23372,1,289
354737466701,8,290
534573432055555,31,291
11122,28,292
222,1,293
646554432364,31,294
6255541033,28,295
223,1,296
652344,2,303
652344,28,309
41331403356744,20,310
4352332325,28,311
761544363,35,312
47144-314,35,317
4646665,29,318
6523,1,319
64453,14,320
5443,4,321
2452+7,21,322
434+25,23,323
5552416,12,324
22,1,325
6653,28,326
344522623,28,327
325320,30,328
22,1,329
666+,28,330
2+452+7,20,331
664341570,29,334
4646061435472+74,30,335
65645745434  0301,26,336
65342634  32242+0,28,337
42+74544,11,338
4422413+5,30,339
53744342253+,2,340
4213552173,20,341
53+363+434277400,19,342
4-435,35,343
6456056,29,344
22,1,345
63+76513356,11,346
4253645567311,30,350
44436217,20,351
4755741434,29,352
425143253,10,353
2,1,354
6627,1,355
132+433  4444,31,356
4435245205,8,357
7213136337375  341434,18,358
443222333-,1,359
756474457013,14,361
446466425,12,362
243645705753445,31,363
33424643434,20,364
52222644,28,365
432622333204,1,366
253+41,30,367
4-34254434,35,368
4243+1+06,4,369
62,1,370
64423,14,371
65342442,4,372
423+7+543620+,21,373
43423+461+,23,374
455555443322,12,375
222,1,376
7202222,28,377
3230217332,28,378
2262635  25,30,379
222,1,380
66644,28,381
422451462044,20,382
534153 2131+3227,19,383
434-33,35,384
567606,29,385
6442464,29,386
7644+443363,30,387
555572463146,26,388
222332440777553,28,389
335+25431213,11,390
366671,30,391
536706435,2,392
66266,1,393
6262634,1,400
522224334,28,401
5212354+725,11,402
646545-4445,35,408
222,1,409
4232553  2033,20,410
31435265,28,411
576266,29,412
22,1,413
6553034,30,414
412222355244472,26,415
22,1,416
643+52,30,417
5436431+,4,418
34642424  604,20,419
3424  333,28,420
447653415220,29,421
66464,1,422
  264  2223424,28,423
42424  0217234,21,424
24-2314,35,425
546331424155552,31,426
65644-3326,2,427
6453543654,14,428
325543+,4,429
77555405,12,430
62464,1,431
511323,28,432
222522463155221,20,433
435444646371,35,434
25554543466,31,435
5524-4433735,2,436
65543536,31,437
6457615434424624  32+43,25,438
512232130654432,28,439
33122,1,440
6655,28,441
52442543,4,442
532525555442+7435634,31,443
355-2545343,2,444
623+566757134,4,445
2435203454,29,446
353444544444373,30,447
23654-47-3243141,2,451
754341,30,452
452465563611172,10,453
65543+34,30,454
154437,10,455
764645354  06,29,456
63+60663453337,30,457
62,1,458
645353,14,459
5434,4,460
4122+403+4+665,21,461
35341334+563645,23,462
335555453,12,463
442532333114171,28,466
44356,30,467
62626,1,468
6665644,28,469
422463145217404,20,470
34646222205,19,471
714-33,35,472
5676160,29,473
2523222224,2,474
543553535444445,14,475
5341473466,29,476
66666,1,477
66532,28,478
1443 22,28,479
343143116,30,480
7566525,23,481
55553,12,482
012+65,4,483
666 2,1,484
7754660466,29,485
1530,10,486
244-33,2,487
622,1,488
5-346355545,6,489
65540,28,491
36026406,8,492
574043,29,493
325143,10,494
666243,28,495
25143,28,496
25310,30,497
632+65,23,498
53635755444,31,499
755-403,35,501
313355473102+55442,22,502
14443-,2,503
2226,1,504
645534335032+,4,505
655-3156,2,506
334544446,12,507
555154546766547,26,508
32+41+70+122,2,509
64745,29,510
463057045,8,511
31444433,29,512
244433226,10,513
63654332,23,514
533+572+4544,22,515
543534514625 0777,30,516
545364567471545,31,517
34734055554,31,519
54553266643,26,520
554443,4,522
554144432313 5,31,523
2010314,6,524
555554564666624,26,528
52734-2,35,529
444+642+434232,4,530
224145117747044,29,531
14523010243+535473,22,532
545-334,35,533
22213111,26,534
634732574217066,31,535
62+7+522,2,536
73545,10,537
5355444-371  14,35,538
555576754423,26,539
2722206,1,540
11,12,541
3+55667500533,22,542
35444+72,30,543
5464+,30,545
605345-333726,35,546
654435453445,14,547
435554454442335,31,548
55+7,4,550
4632+43142+1+3+7455544+444,31,551
64322355574,29,553
534567300555544,31,554
75754545,10,555
664235,30,556
33434547143  05,29,557
35425353  201334142+0,22,558
34222,1,559
55155314537,12,560
43352443  20+7,22,561
42254  36221,26,562
55+5343,30,563
6443544544,14,564
2146313366443,20,565
3546-,35,566
5555440,12,567
6+54+53,4,568
55544,12,569
66254,28,570
6655,28,572
3655535674,31,573
626,1,574
75544+2,30,575
1454432,10,576
450,30,577
335356305  1015,29,578
3531,29,579
4-44,2,580
2262,1,581
33667544353+,4,582
456747074535345,31,583
1053222+33,28,584
2456463  3405-46445363332624,35,585
4355-2335564574313,6,586
6222223,1,587
6666543,28,588
64543343,30,589
34+5,4,590
67443,29,591
1232+7,23,592
2553611+7,2,593
655-454,2,594
765555,12,595
2323+43543,23,596
54,30,597
472237555343,10,598
1423563,30,599
13,10,600
64444344,14,601
222,1,602
65544+3,30,603
2544  223,28,604
324211317,30,605
4323654,20,607
54,4,608
222+03+4,25,609
443+54,2,610
112237,10,611
747656304,23,612
2545444,12,613
665540546334,2,614
14453,4,615
634567405555545,31,616
2362234,28,617
5445-34361,35,618
6453443535,14,619
452554444431346,31,620
123,10,621
34654353157,30,622
6551444443536,31,623
552544-3364,35,625
53143,29,626
462473207545440,31,627
776554,10,628
544444466666542,26,630
4+5147,30,631
7223766453432,28,632
123,10,633
6553,35,634
5555,12,635
533573462105444,31,638
666666,1,640
233656-443,35,641
2525453342  226,28,642
542172,30,643
756464366405+,23,644
2155444,12,645
74557463135657075  2015,30,647
343655544203358,31,648
34+556,4,650
476534,29,651
-3542453,2,652
2222654433232,28,653
6530+,4,654
535544442431131,31,655
655-21,2,656
435474635444443,31,657
6424,30,658
246575566626,29,659
3+663,4,660
-144343,35,661
2222,1,662
73742544,10,663
66664432,28,665
3521,30,666
644-,2,667
265454,12,668
54655444430331242+04,23,670
62665,28,671
365432142464443,29,672
72222,1,673
236543247462102,30,674
6443-53334,35,675
432203355367,10,676
7575547247  56,23,677
457364717111406,29,678
555556377241432,26,679
2262,1,680
1331237,34,681
454533634+5575000,9,682
355544040,12,683
7+5425,2,684
442363556-404,6,685
364354445  4313553,31,686
655554647555431,26,687
5222,1,688
3+56,4,689
7536443,29,690
155443  3242+7,23,691
54+44437,4,692
1133,10,693
7651,10,694
45,35,695
67-44,29,696
544635357616441,31,697
123253457346045,31,698
626,1,699
62535-3453215  34,35,700
254744630453652,29,701
444543135146108,31,702
7653154,10,703
4343255  1744,20,705
55651454,12,706
655350,35,707
235554431375,23,708
6435-,2,709
355533014107,31,710
72550,10,711
74567-,35,712
6403,29,713
65444343,30,714
363575305744,8,715
3222223,1,716
335724557004444,16,717
24322533,28,718
244  233010111,26,719
563544403273,30,720
5545666,26,721
624034,29,722
346554454444431,31,723
76550,10,724
575544-332,35,725
65544433533,10,726
753653+54447,30,728
75646425443  32+3,23,729
241255335326,10,730
253577555554444,31,731
71013141027,29,732
1013354636,30,733
43354214443,8,734
222232342,1,735
662665526443,28,736
2+41+54,2,737
76534065531  231+,23,738
6554,12,739
536066453630014,30,740
36535544544236,31,741
54-335574446  45,6,743
524445444536450,31,744
131073111255403,26,745
766652,1,746
555564466644,26,747
6355554454,12,748
740020301631404,6,749
5544457676644,26,750
44655443+,30,751
66626,1,752
2664-35,35,753
355035,4,754
3362223,28,755
231453534315-32544327,6,757
22222,1,758
662642363,28,759
624535472+,30,760
2544756,29,761
6543,29,762
54-444,2,763
436222,1,764
54353,4,765
545454413+4753256,31,766
66656334  2,28,767
4444-40-37,35,768
6626,1,769
2643+,30,770
1436435444,14,771
32222,1,772
65544+437,30,773
77530544,23,774
6555444,12,775
73012+,4,776
551566624,26,777
730123523555444,31,778
21331,30,779
5345354-5310,6,780
354364624516007,31,781
555315720657463,26,782
22223,1,783
54345443053547,8,784
22722223,1,785
123262643,28,786
5555,2,787
5532+1353,23,788
25544440,12,789
654424320303144,30,790
452435554444431,31,791
62626,1,792
54364604443,8,793
322623,1,794
346734640004444,16,795
322441  22231001,26,796
544+44737,30,797
664-4,2,798
65-50  7,35,802
36555440,12,803
13,10,804
7254443+,30,806
6552464757342464  012600,26,807
72222,1,808
57575-,35,809
354535543252134,31,810
6206453537,10,811
6626,1,812
66250-,35,813
34316553146107,31,814
640660065667714,22,815
23234+52554433,23,816
21463133+6444,22,817
2222,1,818
55-253,35,819
43655444433221  6245670,31,820
3135,30,821
253+,4,822
2222,1,823
65454,12,824
5355432  2133,31,825
10130,30,826
5354435,14,827
445-,35,828
3552+,4,829
355554443313546,31,830
2534544033,14,831
532+034437,23,832
222,1,833
364+6404,22,837
+5443+74,4,838
6354352542+3,23,839
444404,12,840
22,1,841
653245210313,30,842
535455444414473,31,843
6534745-5,29,844
2224,28,845
223,1,846
4-342454,6,847
7341310554540,31,848
2224223,1,849
1323,10,852
2343556401434  22105,30,853
14432,28,854
42172,30,855
4354744,8,856
4433623,1,857
644241 13,16,858
4-354-34,35,859
622254432,28,860
1353122414  26,26,861
27722223,1,862
3564-4,35,863
634572420555,31,864
222,1,865
1121333,10,866
223,1,867
4102237,30,868
66266,1,869
6-563,35,870
7554,12,871
2222+23+44,28,872
323414422+03+73,22,873
34522322115,26,874
4-42544,2,875
353366443  33111115,26,876
7744444+434,30,877
6+5434,23,878
245521046,31,879
73627,28,880
3644454444443 5,14,882
3223,1,883
635444440371321,31,884
735247,10,886
22,1,887
635444454+444+343235,30,888
7376513356,28,889
7576376,1,890
7-455-25354  546,35,891
77554,12,892
5532134334243,23,893
665423,10,894
35-3433,2,895
622264,1,896
5551422,12,897
141234144644434+3265,14,898
1030-10112,2,899
556567  64532,26,900
22264,28,901
45-36-4640-,6,902
322,1,903
434352+134+44,22,904
44+44,30,905
4653256,29,906
62+45474,4,907
224+2+644,25,908
534540443,16,909
-317-55,35,910
555073+5,12,911
64+552+43451,30,912
43443223,14,913
1456457-7342443,7,914
222222,1,915
05-27-,35,916
64535434314,14,917
34575303,29,918
2534 102203,23,919
36555344,12,920
222,1,921
7654143+436,30,922
44464-40-43  235,6,923
222,1,924
62626534,28,925
355443+76,30,926
364-4,35,927
243135354775,22,928
5555627266543,26,929
43241,2,930
55-36,35,931
5555,12,932
774022,4,933
66666,1,934
245334455455742,27,935
531367320545443,31,936
271332,30,937
4345-3454,6,938
63471410554,31,939
655663067544,27,940
322226,1,941
45424644,8,942
223,1,943
62654543  22,28,944
2+4531+0,4,945
77530725445,24,946
35555555,12,947
223,1,948
6632467424  2053,30,949
634674265545444,31,950
2,1,951
346424,29,952
54735754555  4544,31,953
266,1,954
766535541547,12,955
5+544432,5,956
263536570,14,957
5424,29,958
43134+553+3045,24,959
-354,35,960
444435,4,961
64+5,4,962
5644,29,963
432363133+653,24,964
5+45342,4,965
22202034,29,966
662542,28,967
2226,1,968
12+4,2,971
-34232224,1,972
25-44,35,973
322+36+7644,25,974
336222655333,28,975
635671,30,976
735540247,10,977
264335343,14,978
5+4403,30,979
226265,1,980
22,1,981
77-210222,35,982
55545376664  +304,26,983
463754543+22105,30,984
123,10,985
222,1,986
7644+443366,30,987
644431123033566,30,988
44254-35,35,989
2555524131073,31,990
345744,29,991
22254+,30,992
446647340177-444,6,993
245713215  +15,27,994
72222,1,995
557354-44+75,35,996
22,1,997
747463544  36,24,998
55+44,12,999
22,1,1000
543232452177403,30,1001
635544044314534,31,1002
62614447+26,28,1003
62626,1,1004
7652,28,1005
533357245311545,31,1006
13,10,1007
65345354,14,1008
4-5,35,1009
3553+5,4,1010
3555445355,31,1011
7-0,1,1012
336560,29,1013
455431335421356,31,1014
222,1,1015
55551553,12,1016
552445323111+14+53,5,1017
35635435,10,1018
626254,28,1019
4757452666,29,1020
226,1,1021
70-025-,35,1022
555556666540,26,1023
336364343332+3,30,1024
7+6630555,24,1025
353531555,31,1026
26,1,1027
40427,30,1028
24-4,2,1029
222,1,1030
6-54,35,1031
3635524317,25,1032
12,10,1033
36+443  5+5,30,1036
225254  22,28,1037
24434210674,30,1038
363+6775543,24,1039
76554455,12,1040
226,1,1041
63475544,30,1042
6554331414  10114353,31,1043
5556515232,12,1046
5636424566607,29,1047
1323,10,1048
63626,1,1049
75424402+7,30,1050
111113,12,1051
664255454,31,1052
555555,14,1053
3+5+705655,25,1054
5555565325,12,1057
43+56674045,22,1058
3655345332+73,30,1059
2+544432,4,1060
62225,1,1061
54363567-50,6,1062
3554353046,29,1063
655341253353145,14,1064
3142 +034+6,24,1065
5555555230322,12,1066
13+1+713+4+,2,1067
75+6,4,1068
754-40,29,1069
4-435,2,1070
53235242+0555,25,1071
65565340776414,26,1072
3222625,1,1073
627626,1,1074
655443+54+54,4,1075
54654437216,14,1076
5532+13+43,24,1077
5435453,14,1078
5451-,35,1079
55523,12,1080
655564  111343,26,1081
72250630,1,1082
5424  3,29,1083
5335707355444,31,1084
653+43+,4,1085
6555414,12,1086
53442440,14,1087
403+5,15,1088
44+44,34,1089
332622,1,1090
55557666624+41,26,1091
3+54,4,1092
464312425  20335,30,1093
5335742465554,31,1094
65345-423255,35,1095
66626,1,1096
2435460555454,31,1097
53332235,28,1098
46563505643221475  302346,30,1099
647460566,29,1100
65433152  07613,30,1101
457761444113272,35,1102
62,1,1103
7254,30,1104
25531243+0074444767,25,1105
13,10,1106
6626,1,1107
5555544+4537666643,27,1108
346331436,22,1109
752654447,12,1110
6666,35,1111
700,1,1112
227,34,1113
6544442+,5,1114
655554445,12,1115
65+5,30,1116
54647473444  3314,7,1117
541462066,29,1118
22,1,1119
53655554444040+0320334,31,1120
6424143  13,29,1121
3544443,2,1122
222636,1,1123
32432310,34,1124
7001+41+2,5,1125
13235133537,26,1126
2224,1,1127
1521531,12,1128
6,1,1129
75676055566,22,1130
65-4,2,1131
4+545,4,1132
4255454363570,31,1133
701225,28,1134
554445447665,26,1135
746376444+433+2,30,1136
23+53754433522  1+54,24,1137
524444232,10,1138
734653421544444,31,1139
54314,29,1140
3+52+44433712613,30,1141
55551666,26,1142
61303,29,1143
533572472115555,31,1144
6145435,10,1145
565415-448,35,1146
7564456677,29,1147
30015323+42,24,1148
554557667,27,1149
5453433134+65,22,1150
45-33567-4443,6,1151
2223,1,1152
3+5657044,22,1153
645444443,30,1154
6553,4,1155
655454,12,1156
1223,28,1157
7007320633,22,1158
55635546366765,26,1159
452555444,12,1160
6555546  71577113236,26,1161
26656,1,1162
133325,34,1163
2543+,4,1164
554355365443433,14,1165
55566,26,1166
57731656662641,22,1168
5555332,12,1169
254-44-37,35,1170
22,1,1171
5676,34,1172
6555443426,5,1173
755555,12,1174
4+45,30,1175
375717-044314,7,1176
56635435222314,29,1177
22,1,1178
67565334446,31,1179
335442143,29,1180
4-15447,2,1181
2226364,1,1182
52444-43+4-3+35,5,1184
555614765-43,26,1185
72213372,1,1186
65444,12,1187
457737611665,22,1188
72627,1,1189
7-0112,35,1190
545545367563,26,1191
44537554433232,30,1192
54522141+05,23,1193
35455531417453,31,1194
7+004125,30,1195
35-4443,2,1196
722,1,1197
554334133+57,31,1199
1520,10,1200
65444,4,1202
3353655673131+01,22,1203
355743,29,1204
5-444327,35,1205
2222,1,1206
1112,12,1207
3464144  5,29,1209
2226,1,1210
54+,30,1212
54355,4,1213
555444,12,1214
5354  23,29,1215
544,37,1216
5746554  46,23,1217
765454453,12,1218
6626,1,1219
42642424  217103,30,1220
3165555444  36442421,31,1221
2353131+05543,23,1222
55254454,12,1223
5154566667,26,1224
4765144-41140,35,1225
7644,10,1226
364543+,30,1228
323+52+54,23,1229
222,1,1230
3356324466740432  5,30,1233
5+1532,30,1234
4254366,10,1235
7565523544445+,25,1236
344656,29,1237
443,29,1238
41-4,2,1239
223,1,1240
5556626243,26,1243
5+4533,4,1244
222,1,1245
201+,22,1246
1,30,1247
253352425034355,14,1248
21232322326,1,1249
253356724621066,31,1250
755757477155511,22,1251
642434,29,1252
274333103036554,31,1253
1113,12,1254
700+1+2,5,1256
754-3,35,1258
52554443,4,1259
113,12,1261
626544,28,1262
665,28,1264
355324105544,31,1265
4354434,14,1266
4535332474,29,1267
2327+4,23,1268
355630  5,29,1272
4+4,30,1273
222,1,1274
3105540232  27,28,1275
522102430,1,1276
64  23252,28,1277
742470553633131,31,1278
23750,10,1279
65543544,14,1280
54420,30,1281
22726,1,1282
5545666,26,1283
2623263744  55,28,1285
222,1,1286
6655,28,1287
154335457,31,1288
13,10,1289
44443,30,1291
222,1,1292
113,12,1293
55546665,26,1295
24-43,35,1296
44-44,2,1297
44-34656404344,6,1298
6626,1,1300
11637,10,1304
66332145321+75454303,23,1306
52262544232,10,1307
757644573215554,31,1308
65543241474  13,29,1309
77044444+273,30,1310
75442,10,1311
55554  00675544,26,1312
266  22,1,1313
1444,30,1321
32222,1,1322
4-4245443,6,1323
222,1,1324
626666443,28,1325
544,30,1326
523525,29,1327
554+0,4,1328
655544,12,1329
12343,28,1330
5266,1,1331
6552,28,1332
35153236,31,1333
6643134+654,25,1334
45335554444173,31,1335
-41222634,35,1336
2245-4443726,2,1337
2554-36,2,1338
226,1,1339
255-443,35,1340
3255  23,28,1342
435,30,1343
63605443  23,23,1344
76544444,12,1345
2342457415  2005,30,1346
5463454155544,31,1347
554454  6654430,26,1349
5402443+36,30,1350
755414,10,1351
70112+,4,1354
5555536662624,26,1355
3523554443207,31,1356
753425,30,1357
44353567544,8,1358
27226,1,1359
54135443,16,1360
422622,1,1361
5344244435434  2170634,16,1362
214353   262340041111,26,1363
37444342+,30,1364
53544  3134+63,23,1365
5+443,30,1366
422265443,10,1367
51254421,12,1368
7363544,10,1370
44442521+054,22,1372
4764444+436,30,1373
0402+23,4,1374
66674,1,1375
2626750,28,1376
75-244-04432,35,1377
64353644344,14,1378
2262,1,1379
653315417035444,31,1380
44361+054423,22,1383
4253,30,1384
654+32,5,1385
5561767546445,26,1386
365554544,12,1387
366444364447754,14,1388
66666,1,1389
7466544424,31,1390
345414434,29,1391
-144342,2,1392
2226,1,1393
6365135,34,1394
65444+04442,5,1395
443424-24434  0,6,1396
32336,1,1397
5-545,2,1398
5354443432  31141075,31,1399
2410,30,1400
66254247,28,1401
2622,1,1402
66254543,28,1404
42361,30,1405
62672544,28,1407
626554343,28,1410
2443  22,28,1411
4523202,30,1412
55-4,35,1414
6543+7,4,1415
2+544436,4,1416
2222232,1,1417
-121,35,1420
544327311032  3244320317,22,1421
67012,4,1422
5-555-5516665,27,1423
335754443432211,31,1424
754445,2,1426
3555,12,1427
433531+0533,22,1428
544354,14,1429
44-40,35,1430
337223,1,1431
6635444444242+73,23,1432
6553  13,2,1433
5255522,12,1434
544456666143,27,1435
533+52,30,1436
443+,4,1437
553143107544,31,1438
544432  4452310+,22,1439
55655  66550,10,1440
55555341,14,1441
244-3,35,1442
543,4,1443
265535336,4,1445
2226,1,1446
73552554,10,1447
2555553042  32362035,31,1448
32314210776,30,1449
6623566414,28,1450
2554272107,30,1451
5515555341,14,1452
2444-43,35,1453
542222,28,1454
23333,1,1455
75-5,2,1456
53533647555320,31,1457
64-43,35,1458
524321213+055,22,1459
735515444,12,1460
45+4,30,1461
640725-,6,1462
645634557306663,29,1463
627,1,1464
65-4443,35,1465
55+444,4,1466
65354-43,2,1473
544+,4,1474
3654555531430,31,1475
626625653335225,28,1476
757636055465,23,1477
375555445,12,1478
662,1,1479
756534356004,30,1480
5355443425032,31,1481
272,1,1482
6533253545,29,1483
3535554417356,31,1484
6254422,28,1485
2337,1,1486
62615,28,1487
2553214310754,31,1488
35363575570-,6,1489
35347574707555,31,1490
64435443,14,1491
2445  62,28,1492
46575,29,1494
253+55,2,1495
410+41433,22,1499
24  223111,26,1500
354444403352432,31,1501
555515566262656,26,1502
32523+462040,23,1503
3535355553217,31,1504
326276545,28,1505
354655543130345,31,1506
6262,1,1507
66515-35,35,1508
2+54444377,4,1509
22224,28,1510
226333,1,1511
6266,1,1512
77665433,28,1513
5245674,30,1514
662,1,1515
662663143,28,1516
233+7,1,1517
66661413,28,1519
5222+643,28,1520
5245667,30,1521
44-3646404,6,1522
5355444347542,31,1523
2654-24,35,1524
1453323077155,22,1525
55566674,26,1528
355324205443,31,1529
52024,30,1530
32513,20,1531
22,1,1532
20202536560,2,1543
554454453427668,26,1544
63452563415554,12,1545
3336457457426222 0015 ,18,1547
347133107504440,31,1548
75635544  32+3,23,1549
4254734+26,30,1550
250,10,1551
1412130,30,1553
11227,12,1554
76534-,35,1555
-35,2,1556
35336544444  3134,31,1557
226,1,1558
53421+3+,2,1559
5.53521557357657E+18,33,1560
335445,35,1561
2554364503,31,1562
2513330,10,1563
22,1,1564
6525+5444444443,30,1565
34+52+654,23,1566
34+53+44,22,1567
222,1,1568
73635-45444440,31,1569
6535443644327,14,1570
264330-,2,1571
25422365,28,1572
777,1,1573
54  566,26,1574
54314574504,29,1576
453+53,30,1577
5444213463,31,1578
75255447,12,1579
63314354,31,1580
4775654,10,1582
6562  1554,14,1583
3424433,30,1584
32222,1,1585
2333755434,28,1586
142107,33,1587
2,1,1588
44422+4653,22,1589
233231111720,26,1590
3.45146352320556E+15,31,1591
5-4514710444,6,1592
272263,1,1593
44531+045,22,1594
354443+43+,30,1595
54+7,3,1596
554445,12,1597
544546366,26,1598
5634-77531644,6,1599
4.35345706544444E+15,31,1600
65471+54+,4,1601
73654+54+33,28,1602
227,1,1603
6434444443,14,1604
323  26,28,1605
44-3554,35,1606
754343,30,1607
65543+63+,3,1608
5444446,12,1609
67626551406,28,1610
227,1,1611
6255,28,1612
354214317754422,31,1613
13,10,1614
65245,28,1615
353256606,29,1616
132531,10,1617
55555155,14,1618
53+204343,30,1619
2232342,1,1620
666543,28,1621
253261,33,1622
5634  464,23,1623
35355+4444,12,1624
6626,1,1625
633655376214,33,1626
4555435315,31,1627
11113,12,1628
631754244445,31,1629
5435342434300,14,1630
2222,1,1631
526135,34,1632
6655444,10,1633
22,1,1634
140137,30,1635
555556754,26,1636
212226,1,1637
1112,12,1638
75515,29,1639
555555655315,14,1640
25335335235233,22,1641
215111153,26,1642
4.54114324502034E+17,33,1643
4322462+0445,23,1644
25444443545+73253+575,31,1645
22,1,1646
754403436,30,1647
26-443,2,1648
2226365,1,1649
5-4,35,1650
634242+05444,25,1651
643556444,29,1652
3537644,30,1653
225443263333,10,1654
55-2344433624,35,1655
3464143,29,1656
-35433,35,1657
212225,28,1658
241657466,29,1659
76764,28,1660
23237,1,1661
756545446,12,1662
533722131431103+0,22,1663
355473,29,1664
5+443,30,1665
2554375,10,1666
45654-34265,35,1667
74636,23,1668
635434,23,1670
255454443723,12,1671
34543714440443,29,1672
72222225,1,1673
74+0+4+027+,3,1674
54+4,30,1675
74434,35,1676
2241265,28,1677
314573457340666,29,1678
6262646,28,1679
237,1,1680
2436460555443,31,1681
22032+1+3+5,4,1682
6444414434,14,1683
22223,28,1684
4-324145,35,1685
534435,30,1686
233342554432,31,1687
4121373466433,8,1688
22244332,10,1689
22,1,1690
664,28,1691
3432+0544,25,1692
63355240  007133,33,1693
237222,1,1694
12,12,1695
112,13,1696
5444,35,1697
222223,1,1698
1333121,34,1699
6544+44443435,5,1700
7655546,12,1701
44+5,30,1702
365405-0573035,7,1703
3415+67314,29,1704
6266,1,1705
2.32354241605544E+15,31,1706
33215,29,1707
4-3544-4,2,1708
222333,1,1709
57675,34,1710
67740412,5,1711
26-44,2,1712
3544440434,14,1713
655545,12,1714
222,1,1715
4341  20+7,22,1716
4-43434,35,1717
63140544443372,30,1718
25435344,14,1719
34531355410,31,1720
4+57574050,22,1721
5.05254444444343E+16,30,1722
720010267,2,1723
2222,28,1724
443+452+4727544+43,32,1725
6444,5,1726
6541434244,14,1727
14312142544  0777,22,1728
2262212116,26,1729
2.14533562555545E+15,12,1730
55516626644,26,1731
34755522320444,31,1732
62525-333,2,1733
+535210+6,4,1734
55554546666,26,1735
6544,29,1736
73461410155454,31,1737
1250,10,1738
563645-443265,35,1739
335-4235574  374-,6,1740
20222,1,1741
4441352+04,22,1742
5354+4442325,30,1743
75-43,2,1744
635444,12,1745
555576777544,26,1746
345-,35,1747
144032414,14,1748
46554,12,1749
222,1,1750
4+,3,1751
5-434,35,1752
44222224,28,1753
24414217,33,1754
635636064444545,28,1755
521322376,1,1756
2.23524204554443E+15,31,1757
21312+13+4+63,4,1758
365544,35,1759
31555667740141113240521+075,22,1760
6421544,29,1761
63452234245634504  702273,33,1762
222,1,1763
666,2,1764
624442+,30,1765
'55431,10,1766
37106532335,33,1767
55552767654,26,1768
5434145,14,1769
53+453,30,1770
3362333,1,1771
1222222243,28,1772
4253217,33,1773
5555566666624,26,1774
535-3,35,1775
4+54432,3,1776
645444334,14,1777
556344,29,1778
54342422034,33,1779
3222,1,1780
654544+444444444375,5,1781
655-5,2,1782
345355436,12,1783
64654,23,1784
3545+,35,1785
45324,30,1786
52127443,10,1787
717623,33,1788
55364547043453,8,1789
222,1,1790
4.44743543424341E+15,16,1791
22223111111137,26,1792
34224543764444043+,30,1793
0010-,2,1794
6665461764646  1267,26,1795
2223406,28,1796
65566315270023,26,1797
2262366,1,1798
6-43,35,1799
352534317075,31,1800
7654446,10,1801
22,1,1802
6356444043+43+26+63,30,1803
4546357-4004,6,1804
352545444535450,31,1805
76354447,10,1806
45774,33,1807
264353435,14,1808
4336222744455,28,1809
73637,1,1810
754647405,29,1811
33+511+5,4,1812
6-5,2,1813
36355554,12,1814
66266550407,28,1815
232,1,1816
6553,35,1817
66745405,12,1818
655315444434346,14,1819
564333,29,1820
34+52+,23,1821
1464755545440,12,1822
25344432,30,1823
622224,1,1824
35572451400,29,1825
34244454+5444,15,1826
23563667440454,33,1827
322233235,1,1828
7,10,1829
6534314,33,1830
64545744443,14,1831
4252226,28,1832
4-36-557-,35,1833
4+654343626,30,1834
6626,1,1835
655-53,35,1836
654444+7275,30,1837
62222,1,1838
663423575444043,31,1839
24644,29,1840
54-343,2,1841
32234,1,1842
123425,34,1843
3544+442,5,1844
63  72+13+2,25,1845
54-354,35,1846
341434144,16,1847
536534735517,33,1848
25343,2,1849
2222264,1,1850
64-43,35,1851
5132+1033+43,25,1852
53352235,28,1853
3255,33,1854
22,1,1855
30-02,35,1856
555536276656,26,1857
445355345332+32+,30,1858
76444+06,10,1859
22,1,1860
644425,3,1861
33+577555,22,1862
635314,29,1863
42+451+543,30,1864
6242246314227700  3511213,26,1865
222121,1,1866
55+66276266,26,1867
532456,33,1868
54244355740444  22235,18,1869
2365452056722,31,1870
764+764435,23,1871
552443+43+6+,30,1872
1237,10,1873
22,1,1874
6554+44+,30,1875
6555-1454,12,1876
6554,35,1877
23515-,2,1878
453535777-5551545447,31,1879
7542565,4,1880
6553+,3,1881
503+544440,12,1882
72625544+407,28,1883
226,1,1884
66624,28,1885
35253544424207,31,1886
3341344,21,1887
32224  1+0,28,1888
3415-444,2,1889
3355,33,1890
764542771535,23,1891
2555453,12,1892
6543,2,1893
543+,3,1894
5255540346,32,1895
66554404336,28,1896
5544334  531+4,23,1897
2252533633,10,1898
23253536775454,31,1899
64313,29,1900
44-35-46440-,6,1902
427322,1,1903
44+67740055,22,1904
4436544433+6,30,1905
65-4,2,1906
362554,12,1907
75663331554543,32,1908
222,1,1909
665-54-334,2,1910
2532107,33,1911
64435535,14,1912
43362262254,28,1913
23415-,35,1914
524432+,30,1915
2233236,1,1916
47754-,35,1917
344+70,4,1918
743,4,1919
76444,12,1920
666754,28,1921
222,1,1922
66176645,28,1923
436414217554544,31,1924
2764364-,2,1925
35435444,14,1926
331546554445,12,1927
23553474004355,18,1928
5240310225,31,1929
4606544,23,1930
754442+76,30,1931
7654,10,1932
22,1,1933
54+40123,30,1934
765556,12,1935
5474-4,35,1936
3567-5,2,1937
33567-555443211+03+5,31,1938
+03+5,2,1939
5+76,4,1940
6555355,12,1941
66634,28,1942
4222,1,1943
667654,28,1944
3754454034576,31,1945
654464,25,1946
6433443254,30,1947
655554444,12,1948
2342644244,30,1949
143-31533,35,1950
344570165555218,31,1951
644234+03,10,1952
2,1,1953
54+400123,30,1954
23+5664,23,1955
43224+654,23,1956
42224,1,1957
5247755444401,37,1958
543553465443426,14,1959
6454443,14,1960
3564,29,1961
4-354,2,1962
6554043,12,1963
5431,29,1964
403456-,35,1965
4364,29,1966
364-,2,1967
65543,12,1968
543+76365542,23,1969
7553544400204,12,1970
71712723,4,1971
556144545717674,26,1972
5554534350372,31,1973
1+71+3,30,1974
4-373,2,1975
2227,1,1976
6-01222,35,1977
55545477666,26,1978
44450544-44256,35,1979
54547666,26,1980
44535,29,1981
352457715444,31,1982
375446,10,1983
55614-4436,35,1984
53534-440,6,1985
31106222,1,1986
53431+055,22,1987
33644433+263,30,1988
6-553,2,1989
37544,12,1990
55555566661,26,1991
543543544345454,14,1992
2547555445,12,1993
6026506444356,28,1994
36224,1,1995
465453543432,31,1996
030234+523,2,1997
54364443,23,1998
7322337,28,1999
14332665,10,2000
7656156456766,29,2001
7656156456766,4,2002
66544,12,2003
662541,28,2004
433227,1,2005
66543,28,2006
346075544440,31,2007
3644,10,2008
762565,28,2009
246456,29,2010
2262,1,2011
6365444543173,31,2012
473554,29,2013
40135-44,2,2014
222223,1,2015
57656,34,2016
65443+,30,2017
45471,29,2018
444570677744,8,2019
436-334,35,2020
764440222226,18,2021
414+5606553,23,2022
42264423,10,2023
231155453442,14,2024
411121211512,26,2025
2223226,28,2026
4424-342,35,2027
654434334,30,2028
5442320403,20,2029
322332,1,2030
6762645,28,2031
525235560,29,2032
5-3027,2,2033
22222,1,2034
65-544,35,2035
27545033567+,25,2036
666654,28,2037
43335,30,2038
3754547,10,2039
555555534,14,2040
4+64403,30,2041
322223,1,2042
75441406,12,2043
616465544425,31,2044
54443554,14,2045
4223,1,2046
56516,34,2047
76514+44+7,10,2048
2,1,2049
754+44476,30,2050
6665064654224,26,2051
42222206,1,2052
6663504440,12,2053
645246674,29,2054
415-3533,2,2055
32223232,1,2056
65-3364,35,2057
45735,34,2058
323235,28,2059
453532411,30,2060
2222,1,2061
2644-32,35,2062
334+6764,22,2063
403222224,1,2064
653+714+,4,2065
5-444326,35,2066
523364535,14,2067
44-4-22,35,2068
557-33134,22,2069
3375454+3,10,2070
22,1,2071
654+4040+6,30,2072
3476444,29,2073
42222205,1,2074
665245,28,2075
5456+64536,29,2076
22,1,2077
4-33,35,2078
2243+46,22,2079
54222,1,2080
54+64,4,2081
44-45,35,2082
2643643643,14,2083
435133534,22,2084
522310+1111142146,26,2085
335345700554144,31,2086
3135,30,2087
6536436,14,2088
64-4324,35,2089
1434+677655,22,2090
7254+7,10,2091
22,1,2092
75153453+76,30,2093
31355744,29,2094
42222,1,2095
6762554,28,2096
4543456-307,29,2097
763644+40,28,2098
32,1,2099
573522765544434,31,2100
3+5560123,2,2101
3754446,10,2102
75415446,12,2103
654354,14,2104
6-55,2,2105
333554,12,2106
2+54,4,2107
4434,29,2108
34-433,2,2109
35746,30,2110
5762555357,10,2111
6703664,28,2112
46464415+6,29,2113
6666,1,2114
44613+654,22,2115
54-423,35,2116
34272+055,30,2117
555353147543,5,2118
335+77554,23,2119
65523420445,31,2120
64413+7,30,2121
555546777654,26,2122
447755444443,12,2123
654355535474036,14,2124
22,1,2125
460707523444441,31,2126
464453,29,2127
34-4240,2,2128
32232365,1,2129
42742420,34,2130
51424+4363,5,2131
673554547,12,2132
22,1,2133
45+64,30,2134
7245-45,7,2135
463465706677,29,2136
2414+55,4,2137
576435,29,2138
33544-235,2,2139
5322222427,1,2140
5354322+70,22,2141
567753633732,37,2142
56710655555+,23,2143
5552037,12,2144
222,1,2145
2353467740,30,2146
44642420545,31,2147
535-414403117,6,2148
72223226,1,2149
611+0,22,2150
54433322+,30,2151
36543,4,2152
3434414344,22,2153
4321,26,2154
33322,1,2155
666653,28,2156
6433566630,29,2157
535423474540-,6,2158
136441142,26,2159
740322226,28,2160
445375555,31,2161
222,1,2162
3754+6,10,2163
22,1,2164
644-,35,2165
3033+5,22,2166
4403222,1,2167
5+65,4,2168
-4326,35,2169
5555547673665,14,2170
60001701700,22,2171
17727022,26,2172
231346555544032,31,2173
21135652,30,2174
22262,1,2175
2535313+,22,2176
565-33,35,2177
42+6201,30,2178
555454636666665,26,2179
6755444,12,2180
653474552314440,14,2181
3575,29,2182
3244+53,30,2183
4740-07037,6,2184
32222,1,2185
635423,10,2186
635-44325,35,2187
433712+,4,2188
222232,1,2189
365556,10,2190
5475444444203,31,2191
653214,30,2192
2+56,4,2193
54354,29,2194
4-43,2,2195
22622,1,2196
241342410544154,30,2197
43421+510,30,2198
65353553,4,2199
535343+,4,2200
464454544431,23,2201
45555665335315,14,2202
54-4-33444,35,2203
40022223,28,2204
124347,1,2205
65-53,2,2206
34356-00065556,31,2207
614435-3,35,2208
34255663313+512276,22,2209
4535-344244,7,2210
4362223236,1,2211
6-4364,2,2212
4317554,31,2213
3575616617,30,2214
642442444,14,2215
34+122252,28,2216
222,1,2217
5315532,29,2218
2+554,2,2219
22,1,2220
3607014+,22,2221
55566665,26,2222
454043235421,31,2223
555455766263153,26,2224
420+63475,23,2225
534431457535545,31,2226
666464347,28,2227
405544654744536,31,2228
6447,2,2229
5555554,12,2230
7763674644,28,2231
3441223376,1,2232
54364,2,2233
75544443033145,31,2234
34606035,30,2235
66551665143,26,2236
20322226,1,2237
765255+47,12,2238
6222,1,2239
43443775443+,22,2240
7020+7,30,2241
6626,1,2242
254+43,30,2243
6555-43,35,2244
54354344,14,2245
23577544+44,31,2246
22,1,2247
6533+,4,2248
475775545440,31,2249
36355705454,29,2250
35254437326,10,2251
456016,30,2252
42033565,29,2253
3531133+467,22,2254
55473222227,1,2255
6716605557,12,2256
22226,1,2257
4000014321+,22,2258
5555747665,26,2259
74+753,30,2260
257435535-3154,14,2261
423541555,20,2262
3345-,35,2263
54317075,12,2264
3+46,4,2265
50643,29,2266
2+13+,23,2267
543+52,2,2268
65-43,2,2269
65445,12,2270
3+606543,23,2271
35+544,30,2272
2455543210,10,2273
1345226,30,2274
7641447,10,2275
345-6,35,2276
635666,29,2277
37557,10,2278
21,10,2279
643+,30,2280
55-4,35,2281
422222,1,2282
605640010,6,2283
3336223366,1,2284
656044,22,2285
42+544,30,2286
336264,28,2287
3550,30,2288
666667157567565,18,2289
531435,29,2290
23267,1,2291
7056756,20,2292
440170,30,2293
55555676433,26,2294
153447,10,2295
22,1,2296
666553,28,2297
5465066,29,2298
677065,25,2299
44-574,2,2300
534467,31,2301
65551,12,2302
665405,2,2303
7555400,12,2304
002+007600,9,2305
76666540,28,2306
6243557  544430,31,2307
23120+6,2,2308
5744754  105,14,2309
6346  544,31,2310
76565,10,2311
7557,30,2312
22,1,2313
676076754,24,2314
415-7,2,2315
40444,35,2316
25222264,28,2317
3323-77,1,2318
67666,1,2319
64764-534060,35,2320
55555,14,2321
2022,1,2322
67757504,22,2323
3+55,2,2324
6677165076556  002,18,2325
5574  671,29,2326
2236,1,2327
577504,22,2328
34+55,2,2329
727007760657501,30,2331
0-1010,35,2332
66765740,28,2333
3514343+5774443,22,2334
36262311,26,2335
4456  317,30,2336
66666,1,2337
7022,28,2338
46666540,28,2339
355,30,2340
75,30,2341
5474,29,2342
2722626,1,2343
675544037,5,2344
7650,10,2345
6776056006544,31,2346
66440,20,2347
277220,1,2348
66653+05,4,2349
34-2,35,2350
7262,1,2351
77654,10,2352
222,1,2353
76651,10,2354
7675765,25,2355
4354,2,2356
255357470755450,31,2357
67116262,28,2358
5555666667,26,2359
554737  44443+07,30,2360
26,1,2361
1026,28,2362
6675  +2,28,2363
433+55,30,2364
1111,14,2365
656567  766507-06-4,27,2366
26260,1,2367
6664+50,28,2368
676475,24,2369
4-3,35,2370
54,30,2371
+44+4,4,2372
430,35,2373
6220,1,2374
11075,29,2375
564+,30,2376
744755775757430  0071,6,2377
722,1,2378
67550,10,2379
55647,35,2380
6677655740,28,2381
37466,30,2382
666666,1,2383
5364507544-454444404023,35,2384
667776,1,2385
765775545447,31,2386
115153,12,2387
536144+556667023,22,2388
564704  71,14,2389
3535545630,29,2390
22266,1,2391
757674,20,2392
4350,30,2393
555566664,26,2394
3+5434,30,2395
262655307,28,2396
7776550,10,2397
65-45,35,2398
7555,12,2399
50-,35,2400
65340,29,2401
46675554,31,2402
67554,10,2403
106,35,2404
66657-53+01,10,2405
222,1,2406
7766655,28,2407
3646557656777,29,2408
5775675,25,2409
67-5,2,2410
54354670055,31,2411
5553,12,2412
7665-34  0,2,2413
262,1,2414
67754,10,2415
22,1,2416
670744+437,30,2417
6555,14,2418
3174+76550,34,2419
55653027,12,2420
4543240  567001,22,2421
36456576713+1004175,30,2422
307220,1,2423
56765,5,2424
76555363+,4,2425
75554,12,2426
211777576060,30,2427
0756475+,30,2428
6-447740-0117,6,2429
35354650755,31,2430
5553,12,2431
7655410,10,2432
660554,22,2433
644336,30,2434
654054447,14,2435
4044-27,35,2436
272,1,2437
65+576760040432,24,2438
36767066544,31,2441
227,1,2442
675413+070,30,2443
66556340,2,2444
77555455,12,2445
1055,4,2446
067+574066  54446560,31,2447
6+554,4,2448
363+66375755554,31,2449
6651544,12,2450
7767514,10,2451
6665-44127,2,2452
223660,1,2453
2666553,28,2454
5-5644+10+0,26,2455
6757544307,24,2456
22,1,2457
60770554,24,2458
65534070,30,2459
645-30-27,2,2460
226,1,2461
76550,10,2462
626,1,2463
66553+470,30,2464
665504+,4,2465
54443,12,2466
654313154,14,2467
363557755,31,2468
0201+777,22,2469
1551766665170,26,2470
6335570555,31,2471
5555+,12,2472
7756410,10,2473
66-55-,35,2474
406467476167,29,2475
76550,10,2476
776551,10,2477
67766551,31,2478
66543+,30,2479
554-,35,2480
322,1,2481
67655335-,2,2482
726227,1,2483
64-3,35,2484
423+6643,25,2485
252327,28,2486
440,30,2487
57656044,29,2488
272720,1,2489
6757055404,4,2490
5253+477505,22,2491
6663375  5670,26,2492
62-66,1,2493
2,34,2494
0+706555,9,2495
42-45,35,2496
36  6601,12,2497
3+56,2,2498
5-75364,6,2499
45355460717655,31,2500
4+5,4,2501
67404,29,2502
24253+64,24,2503
4575,2,2504
5-541-,2,2505
5655,12,2506
765515,24,2507
3344754540,31,2508
6666544,28,2509
234+57765666670,22,2510
0477-75404,6,2511
2226,1,2512
4+557405470,22,2513
543+5433360,30,2514
77655,10,2515
15556666655,26,2516
30543,14,2517
544-57-,35,2518
4543523565,30,2519
757760553+42660,35,2520
22,1,2521
764043,29,2522
544545755442367,14,2523
755,10,2524
226,1,2525
6453+7,30,2526
66666,1,2527
1677565065454,31,2528
721+0+57005555+5677701,22,2529
66666,1,2530
77665-640,35,2531
354+,4,2532
436477555,31,2533
2666664,28,2534
4575,30,2535
67375,29,2536
710750760706655,31,2540
55676,34,2541
70-0-2,2,2542
6722,1,2543
77514,10,2544
222,1,2545
6641443+07,30,2546
665553+06,4,2547
5555,12,2548
6553,2,2549
5346770755,31,2550
22,1,2551
3027051556,22,2552
766555,4,2553
3643657705440,31,2554
544,30,2555
54+13,4,2556
36447555443+070,31,2557
5771,2,2558
27060,20,2559
6666575,28,2560
3545550  666,29,2561
6-476440-  117,6,2562
2272266,1,2563
665704,22,2564
655554444444037,30,2565
15551766760653,26,2566
2343+5654444,24,2567
72222377,1,2568
6667065554,28,2569
6344+5456  5566,22,2570
35637504,10,2571
76655,35,2572
00-126,10,2573
222,1,2574
665,28,2575
554366760707,29,2576
677565445,25,2577
5445,2,2578
535357755,31,2579
55565,12,2580
5560,4,2581
554,12,2582
7-0-10356,2,2583
42676666,1,2584
654,12,2585
565-35,35,2586
3464+577-071,22,2587
6444,14,2588
453+557755,34,2589
55503534575,14,2590
35244755,34,2591
776651440,12,2592
506767045515567,22,2593
106,29,2594
701+01,30,2595
5555556666,26,2596
475,12,2597
57756755,31,2598
6654+4100,30,2599
67671765544,31,2600
602,30,2601
55-5-555766,26,2602
75-43645,35,2603
76555,12,2604
555+56665641,26,2605
53543,14,2606
5+44330,30,2607
26230,1,2608
76565466,10,2609
2,1,2610
4+7  105,4,2611
+6677074  61,22,2612
10177570,29,2613
7015700,30,2614
0-0-00,35,2615
666,1,2616
5545364666,26,2617
4435670,30,2618
66666,1,2619
0101+76705,22,2620
555555576765740,26,2621
634365707  554,31,2622
222,1,2623
66550,10,2624
2,1,2625
10001160,14,2626
760106177,29,2627
517-,2,2628
42554243466647,30,2629
35-4,35,2630
4324565,22,2631
6010020711,6,2632
6565475  65+55,26,2633
225,28,2634
4036457,31,2635
53+,4,2636
55-427-,35,2637
272,1,2638
6010020711,14,2641
65+5+5555666656,26,2642
4035-47-,35,2643
6555,12,2644
2,1,2645
765550,10,2646
60767-7057440-,6,2647
3326270,1,2648
67076454,31,2649
22,1,2650
56436775,2,2651
6755313+,4,2652
54675555,31,2653
12+7760,22,2654
555507676666650,26,2655
3454+4,4,2656
5744+44307,5,2657
666655400,28,2658
672,1,2659
55666645,26,2660
3+75+,2,2661
66553+0,4,2662
5-44207,35,2663
222+7+,1,2664
77554,10,2665
6503+5,4,2666
654,12,2667
6067766160,30,2668
45-1454,35,2669
4404,14,2670
440,2,2671
57,4,2672
74377,29,2673
5-44020,2,2674
221,1,2675
6505+5440,30,2676
670660605430,30,2677
1726,2,2678
57675  1555410,12,2679
67606544,24,2680
65444,14,2681
4354-4,35,2682
1414335  302+7,25,2683
24445254434302,14,2684
13634,10,2685
22,1,2686
652444+3,30,2687
4443204,20,2688
323,1,2689
013+,11,2690
7-544437,2,2692
42420442,20,2693
3+5354  2+1+3,25,2694
345  222,28,2695
643606,29,2696
646-,35,2698
5+444030,4,2699
34364734,30,2700
5-433,35,2701
5223,28,2702
6544444+7,30,2706
63463665431,28,2707
444-5,35,2708
35355532034+5,23,2709
23675043  54,29,2710
41+434,30,2711
22434  2231011,26,2712
63554,12,2713
1324364,31,2714
7544+437,30,2715
7576354435,31,2716
1,30,2717
5-55526266540,26,2718
3547-,35,2719
5555,12,2720
0+0052,4,2723
54,2,2724
63467,31,2725
55515566544,26,2726
524444,30,2727
5-555616,26,2728
6654,28,2731
34532+03,22,2732
544443,14,2733
5350655,31,2734
2534467455334,29,2738
7255352555,12,2739
323426,1,2740
6454+,4,2743
654540,12,2744
7262650,28,2745
665,28,2747
4555514347,31,2748
657535  77412,27,2749
22,1,2750
12,12,2751
6215567731305,22,2752
654,4,2753
453551+7,31,2754
555643754457667,26,2756
5353+,4,2757
5554+44437,5,2758
5-43,2,2759
54543544354,14,2760
555,12,2761
112,12,2763
665,28,2764
7254,28,2766
634675444,31,2767
33+42656055333,23,2768
414+,30,2769
57353540-07124,6,2770
532455320+5567001,22,2771
4353215-3515034,6,2772
3222,1,2773
125444242420,31,2774
432+4144,22,2775
54434325,5,2776
25-34,2,2777
323,1,2778
0-40,35,2782
6663  2,1,2783
7527,10,2784
543+,4,2786
652444,12,2787
54,2,2788
44-4,35,2789
523274,28,2790
353557303+4,22,2791
5566644,26,2792
4+53,30,2793
622653,28,2794
645-4,35,2796
654+4,12,2797
025-27160,35,2798
345734745,29,2799
540165354440313,31,2800
11201012352406,30,2801
74-332,37,2802
62,1,2803
751353+,30,2804
55554+454364+67,25,2805
7646,10,2806
55155762654,27,2807
352566673031134+53,22,2808
7554546,10,2809
667,1,2811
66654,28,2812
2353+644,23,2814
32222,1,2815
633+4,23,2816
3553+,4,2818
54-3,35,2819
35453,10,2820
1253425,31,2821
55553,12,2822
345564043545,29,2823
3414  222,28,2825
3+544,30,2826
54,4,2827
343313+05,22,2828
2127,10,2829
626,1,2830
4422+4135,22,2831
244+44727,30,2832
6444,14,2833
44,35,2834
322,1,2835
6555454364+605,23,2836
763765,28,2837
76625555435,31,2839
644+44,30,2841
6556310,2,2842
53455454,12,2843
64,2,2844
5433,35,2845
4+44,30,2846
656305-7444,6,2847
43534+77556,22,2848
666146  70052633,26,2849
255  22,28,2850
36452,29,2851
227,10,2852
65444+,30,2854
223,10,2855
43,35,2856
324544443  3+43,22,2857
24631,35,2858
544,30,2859
75-,2,2860
52543252173560,31,2861
5554557665543,26,2862
7544437,30,2863
5-565666533,26,2864
35+2420,23,2865
2226,1,2866
6654,28,2867
557155556666656,26,2869
6504453+,4,2870
5323535572105,30,2871
463535755,31,2872
56544-4,35,2873
66524,28,2876
5431404  2352,30,2877
746751,29,2878
55555453,14,2879
623256  67142,26,2880
3623,1,2881
66363,28,2882
56432365444,31,2884
5553,12,2885
4432+55,22,2886
-454,35,2887
342556303+4,22,2888
65-4,2,2889
3655447,31,2890
664343,2,2891
63654,10,2892
345,35,2893
756144,29,2894
222,1,2895
654+4,30,2896
3421543,20,2897
255  22,28,2898
36346126,29,2899
764446,10,2900
6+7714013,30,2902
443524  217,20,2903
5474603,29,2904
6226,28,2905
354747-4045,6,2906
355445,31,2907
6202375422,26,2908
72667,1,2909
55514  567545,26,2910
365454,12,2911
36-46405,6,2912
3753444344333,30,2915
55566653,26,2916
24143+,30,2917
65443433333,28,2918
23,10,2919
545-,35,2920
355454,12,2921
6226610313,29,2922
7565534536,10,2923
254,2,2924
2223,1,2925
2353+6544343,23,2928
26222,1,2929
24223+34444,23,2930
65443+433,30,2931
254+,4,2932
5-4434,35,2933
2232,1,2934
755-453,2,2937
76554,12,2938
736423,28,2941
544-,35,2942
35,30,2943
23540,29,2944
5-43,35,2945
543+,30,2946
6434655,31,2947
7534165,29,2948
72544,10,2949
75444+0,30,2951
2024,29,2952
666,1,2953
66266553,28,2956
776473545,23,2958
36554,12,2959
764543+04,30,2962
6513543,10,2963
2555557,12,2964
23456357454  0055,30,2965
4-2324257-2  2222,27,2966
3122,1,2967
1223,10,2968
745443543,14,2969
544+44,30,2970
222,1,2971
2544443,14,2972
226,1,2973
4434524  0,22,2974
3+5,2,2975
63554404  353,23,2976
3222,1,2977
543432536554444,14,2979
13,10,2980
544444444473,30,2982
7464242434  024,29,2983
-144,35,2984
3452303243+556000,22,2985
73753553+,4,2986
7755544,12,2987
63654152,28,2988
655245,28,2990
643466,31,2991
23544121426543  074,30,2992
272226,1,2993
4242543  2+0,22,2994
2+341,2,2995
535-464044,6,2996
6224,28,2998
3636554246,31,2999
626,1,3000
13,10,3001
533245,29,3003
656543,29,3004
5-44437,2,3005
2262,1,3006
7653544,31,3007
4335443  20,20,3009
45-4,2,3010
2022,1,3011
1323,10,3012
6554404443+7,4,3014
747-53,2,3015
5355555314,12,3016
22222,1,3017
23243635707544,31,3018
763631,28,3019
4534056,35,3020
34532444,29,3021
341431340325242,26,3022
26262,1,3023
643+5,30,3024
254443+7,30,3025
455555166,14,3026
572743,29,3027
24521+744,23,3028
75544,12,3029
54434,30,3030
222,1,3031
543,30,3032
24522011+334,20,3033
6530,29,3034
544+40,4,3035
26-427  55,2,3036
22,1,3037
24-433,35,3043
43123+5665443,22,3044
44034+32,4,3045
72531547,10,3046
65544,35,3047
766454,12,3048
67375-54-40-35,35,3049
6666,1,3050
555-155666614314,26,3051
6355444+43+5,30,3052
544236454,29,3053
2273,1,3054
6554+7,4,3055
64-4-44-32,35,3056
45-425443,6,3057
4322,1,3058
4531644,22,3059
4+544,30,3060
326,28,3061
543,30,3062
54432+,4,3063
4531+33+523,25,3064
54341424  1075,16,3065
314-301,35,3066
5655,12,3067
-453,2,3068
655515,12,3069
65741+76,2,3070
54242055443,31,3071
3475,2,3072
5-36-4,2,3073
4365363+5667570354437,25,3074
35+54,4,3075
675347,35,3076
1515677565753,26,3077
5337654,10,3078
22,1,3079
776656405,28,3080
47655756,29,3081
7664,25,3082
354,2,3083
364675551,31,3084
555555346,12,3085
0,4,3086
0171+6,29,3087
5+7657,23,3088
4404+447,4,3089
5+50,4,3090
65440,12,3091
07-75-04-44,6,3092
3272,1,3093
6667755,28,3094
44-0230-67-,35,3095
7664,10,3096
50577557156640  70,30,3097
4341,30,3098
3+546,4,3099
554450,12,3100
5556645,26,3101
5+0447,30,3102
26,1,3103
760657075554,31,3104
555551555207,12,3105
677506,22,3106
644-,2,3107
27226,1,3108
7765,10,3109
2,1,3110
7544300,30,3111
1555,14,3112
4+444,30,3113
325644300,10,3114
255-6341,35,3115
76555,12,3116
655-300,35,3117
5775675544400,31,3118
222,1,3119
567544-37-,35,3120
766574,29,3121
543546676510450,31,3122
775640,10,3128
56455-70-4,35,3129
1151155,12,3130
67560,10,3134
65-1327,2,3135
2720,1,3136
666543,28,3137
5644-3470-,35,3138
226,34,3139
775776544,24,3140
332627,1,3141
767576415,24,3142
3544271,30,3143
1,4,3144
4001017,29,3145
76756640,24,3146
354+45,4,3147
76454+0,4,3148
4432244,35,3149
6530,10,3150
67075535440,31,3151
55554,12,3152
57656,29,3153
3053670554,31,3154
76550,10,3155
56534364,14,3156
43+6444,30,3157
22722,1,3158
2666654,28,3159
3117,30,3160
500575067057074707575  7050,30,3161
574-,35,3162
433463354,28,3163
34424+7655700,22,3164
70107175600,20,3165
67706506404,25,3166
335266  544277,28,3167
6-6415,2,3168
35456777551,31,3169
77641,10,3170
57656-,35,3171
54,29,3172
4255357554,31,3173
60-10,2,3174
57474677-,2,3175
6555+5,12,3176
22,1,3177
677175776544430,23,3178
70106,4,3179
0132+727+,22,3180
555667665057,26,3181
532446  55,31,3182
4654067,22,3183
765443+7,30,3184
46640343,20,3185
337554+477,11,3186
22,1,3187
5-347,2,3188
6666,1,3189
5643+41,4,3190
40454,14,3191
64704066,29,3192
766400,10,3193
117-75-,35,3194
37374547,10,3195
667664,28,3197
54546406,29,3198
77654,25,3199
1474,2,3200
57357055,31,3201
55555307,12,3202
5555,14,3203
322,1,3204
467475,22,3205
53+54,4,3206
344227641,28,3207
33550,30,3208
553154474,14,3209
6436446544,31,3210
64450355,14,3211
4355,30,3212
65444400,12,3213
64434145,14,3214
30272,1,3215
663+170,5,3216
7656405,2,3217
2272276,1,3218
775650,10,3219
6666,1,3220
67706153534+5477,30,3221
564750,2,3222
7327226,1,3223
16221011,26,3224
-172,35,3225
5555666640,26,3226
454677544+4307,30,3227
66164564  67,2,3228
272622,1,3229
636666,28,3230
45305,30,3231
22,1,3232
34576,23,3233
560776644-0+30-,35,3234
670655,23,3235
55335567755,31,3236
564+070,30,3237
766540,10,3238
22,1,3239
17103+56,4,3240
3+76676075-1  542,22,3241
700001000106,14,3242
7675645,23,3243
5555532,12,3244
5775,2,3245
7766554154,12,3246
37557560755450,31,3247
75660,29,3248
535,30,3249
1775,29,3250
700+000,30,3251
17103634565,22,3252
555507766574,26,3253
36343+667765  544,23,3254
5-6431,2,3255
6220,1,3256
76550,10,3257
22,1,3258
66+5530620,30,3259
5653+0,4,3260
75544471,12,3261
6645  5400,28,3262
63676,1,3263
666566,28,3264
42053575054,31,3265
101677,20,3266
266+4400  0020370,19,3267
37565,29,3268
445700,30,3269
2,1,3270
5-64314,35,3271
04+0344,4,3272
262,28,3273
400,30,3274
2,1,3275
1+775,23,3276
557-0,35,3277
664-1434,35,3278
25533+5570756,22,3279
34657443+00,30,3282
77654,10,3283
116,4,3284
'001031+7177+67500,22,3285
555566666630,26,3286
4535460757060  55,31,3287
546757405470,22,3288
5443+7,30,3289
76550,10,3290
-74,35,3291
644,29,3292
43+447,30,3293
222260+,1,3294
66-41-35,2,3295
4364775440,31,3296
66664,28,3297
-43544,35,3298
5705,30,3299
76544,4,3300
101,29,3301
7655740,23,3302
3554+4  307,4,3303
6-655413,2,3304
7654444,12,3305
7001+05,30,3306
226266,1,3307
2706771605555,31,3308
1+77057770555156,22,3309
7766411,10,3310
50-501126,35,3311
77655  63457,10,3312
226,1,3313
6666557,28,3314
36535675056167,29,3315
7756511,10,3316
607076614551,31,3317
653+,30,3318
54-433,35,3319
272620,1,3320
0251-6-,2,3321
776  65550,12,3322
6574,2,3323
563354657070651,31,3324
660,2,3325
065-40,2,3326
364660555,31,3327
750677560640  00,30,3328
24354+66005677000,22,3329
7665410,10,3330
77-1026,35,3331
76565744,10,3332
226,1,3333
66554,28,3334
74365607561,29,3335
6757665,25,3336
44-5,2,3337
52354667755,31,3338
55550,12,3339
11775,4,3340
702027,29,3341
766557047,23,3342
434153+5464634555  717601,4,3343
654+05,4,3344
753644400,12,3345
67766545,23,3346
336227,1,3347
535353,14,3348
63357675440,31,3349
64671,22,3350
6-755-31-,2,3351
272730,1,3352
6544-,35,3353
574034,34,3354
262,28,3355
5431,30,3356
3+27,23,3357
00-1,35,3358
5555555767657,26,3359
4-335564,35,3360
76  5554,12,3361
70001115,14,3362
6563537,26,3363
26676,1,3364
665520,28,3365
55564  0550670575500,26,3366
6262,1,3367
4343645765544,29,3368
50674,31,3369
22,1,3370
6074,29,3371
74347755554,12,3372
0+5-7443071216,34,3373
555676657,26,3374
3545,34,3375
444+0407,4,3376
76776560464,23,3377
7555444400,12,3378
57647  66701,29,3379
633022,1,3380
6575524534+57,30,3381
621776,29,3382
6706405035354,22,3383
722227,1,3384
675+54003+00,4,3385
65555541,14,3386
507654,31,3387
6550,10,3388
5671,30,3389
6+5563+,4,3390
105544,12,3391
665544+,4,3392
031+40,30,3393
4543+,4,3394
4455676544400,31,3395
5767474,29,3396
543754571544,31,3397
6553,4,3398
53+560755,31,3399
2,1,3400
665435-46-,35,3401
4443+7,4,3402
67707505,23,3403
4-035443,2,3404
62226654523047,28,3405
22,1,3406
654+517544,30,3407
+6403+70,4,3408
75705717,29,3409
57345577  570544,31,3410
6453+,4,3411
643557544,31,3412
1701136,14,3413
57433+347544330,23,3414
27220,1,3415
645676064-04421757,35,3416
56640,29,3417
434155474+745,15,3418
"4564734152577  0070705750
765640",30,3419
330262,1,3420
765640,10,3421
7575,30,3422
55647  5760676701,26,3423
262,1,3424
36566750167,29,3425
7676504,10,3426
2561555547,14,3427
4-354,35,3428
53+,4,3429
353557755440,31,3430
5155566666641,26,3431
404+544,4,3432
376336605540 75770565574,30,3433
3553636 40,31,3434
46675544-027-,35,3435
22,1,3436
201767577567654,31,3437
66,28,3438
763535770507074,30,3439
750566,29,3440
555555553,14,3441
666664527,28,3444
565-5303,35,3445
24354+557755557777000,22,3446
65-54034,2,3447
266450,10,3448
546-,35,3449
5744,29,3450
2022,1,3451
7665414403+7,30,3452
477-56730,6,3453
20220-0,1,3454
576157055507050,6,3455
2637,1,3456
6760575540,22,3457
7  543072,30,3458
7766410,10,3459
600-35,35,3461
5545777676755,26,3462
53354706  5444307,31,3463
7+6771,2,3464
5775445,23,3465
7554+450,12,3466
505756570,22,3468
65544-0-37,35,3469
5555454,14,3470
6544+17,30,3472
6,1,3473
1130460,20,3474
5  434,4,3475
43162+77554443,25,3476
341646,4,3477
70655544+440+0,5,3478
65357754435345,14,3479
2772,1,3480
1515556666554,26,3483
4202442+7730,23,3484
34356450,10,3485
56555453,14,3487
2523255,26,3488
3525740433,28,3489
15-,35,3490
5360443+07,30,3491
554044,14,3492
333+5754,23,3493
322,1,3494
55-75-54+1-0-,35,3495
7554+07,5,3497
1106,14,3498
0-0,35,3499
6071756157,20,3500
4343+57  55347,35,3501
676065453427,31,3505
2+11+7,2,3506
766404+,15,3511
454-740,35,3512
23464526255  01660,18,3513
2667,1,3514
76554+0277,30,3515
77675+50,10,3516
766540442+77,30,3518
70-525,2,3520
66674044,28,3521
645-  353,35,3522
5547544440277,14,3523
5057570143,8,3524
5-4440,35,3525
2226,1,3526
765403+,30,3527
355,2,3528
711111-,14,3529
12706,22,3530
555+57766605,27,3531
34545355706  5444302,31,3532
217,30,3533
51154656566,26,3534
5656-4065,35,3535
543+431+60,4,3536
0-1111125,14,3537
66555746  5700012,26,3538
62266754,28,3539
323556-36,35,3540
543356267,30,3541
674075357670705,30,3542
64+44,30,3543
3650347,10,3544
6+7570755440,25,3546
7655,10,3547
645-7,2,3548
43465555,31,3549
106,30,3550
5776706  5442,31,3551
3136,30,3552
300077501,8,3553
55555666664677,26,3554
444+  443,5,3556
501  6664,26,3559
43+1,2,3560
51-1166653,26,3561
5353+657,23,3562
43410,10,3563
1036,4,3565
467500607067  755454,31,3566
10566,2,3567
5776707  554443022,31,3568
34006,30,3569
755346443,14,3570
253+566534,23,3571
27-27-2,1,3572
5060765-444027,35,3573
57447307,29,3575
222,1,3576
66553054440,14,3577
345465+7654,34,3578
56153+4,30,3579
6644415440,12,3580
67,1,3581
155  4666555440,26,3582
750-01,35,3583
577570755  5657700,22,3584
6445,4,3585
3+6547554,31,3586
74656-404  01,6,3587
5334454607  54,31,3588
7565,30,3589
56437-07,2,3590
227,1,3591
17-1217,35,3592
31340   1210371+77761767,25,3593
2636665,28,3594
5354,30,3595
32226,1,3596
757-   116,35,3597
605570576550,22,3598
544400,4,3599
15111,14,3600
110177   40,26,3601
66606    404-3,28,3602
24545,35,3603
77545300,30,3604
5766474,29,3605
375457754706056,31,3606
02+271770,20,3608
1070,4,3609
761776550744,25,3610
354432+4554,4,3611
7345+50+5650   00,5,3612
5764606-75-70  0000,6,3613
33262,1,3614
2017776050,8,3615
326556574400618,17,3616
15560666554303,26,3617
15252+5567444,23,3618
34365347,10,3619
5555   6677550,26,3620
6253026,1,3621
35364670556,29,3622
50747  0545,31,3623
607606474   1,29,3624
43646  5554,31,3625
52543753+,4,3626
6537557060554,31,3627
665-5405,35,3629
655443+43,4,3630
76+75+7654,25,3631
-4341430,2,3632
263655037,28,3633
6552+,30,3635
574443+07,4,3636
364657   0,29,3637
354363656004671,31,3638
56553+,4,3639
3675544,31,3640
27226,14,3641
356674730,23,3642
1002,1,3643
6655-43170,35,3644
5776654013506,29,3646
4+5454,15,3647
472434467540   07755,30,3648
2022,1,3649
7767550,10,3650
606605,30,3651
656774153  7601,26,3652
26266,1,3653
157660,29,3654
35036555077  54,31,3655
77565,10,3656
55-55555,14,3657
5-13,35,3658
5443+,4,3659
6545706555,31,3660
7654,10,3661
55666744-130-7,35,3663
57557554,29,3664
35-4,35,3665
35534677555,31,3666
55555  067,12,3667
4660,30,3668
405166665314,26,3669
544-,35,3670
40-4+4,4,3671
51666645,26,3672
5-4,35,3673
04+440,4,3674
30722,1,3675
55555553,14,3678
46444,4,3679
3+027226,1,3680
475,4,3681
76044,29,3682
5573,2,3683
2022,1,3684
5730667753605657  00,30,3685
3464   4+44307,30,3686
755775  67,29,3687
6564   4433,29,3688
15654,2,3689
7655554,12,3690
576444-27,35,3691
75+5453,30,3692
75056-75-40-3600,6,3693
4-35,35,3694
445740457654437,14,3695
7765,10,3696
76+6+544+0+70,30,3698
66644,28,3699
5+7444230,4,3700
2627,1,3701
560574307,8,3702
220,1,3703
700201770670550,8,3704
5155556766,26,3705
7557,29,3706
5443643,30,3707
42+555353357,5,3708
6606755,28,3709
7376,1,3710
555546666654,26,3711
35+55,2,3712
155544576666655,26,3713
24+3456+54,23,3714
332654,10,3715
554440566666643,26,3717
544-,35,3718
+0-4440,4,3719
222626,1,3720
4+446,30,3721
77-505250,6,3722
2727226,1,3725
5-466-5437,35,3726
555553,14,3727
54545,14,3728
3+342,2,3729
1455766644,27,3730
323+65434,23,3731
755447,10,3732
66-550,35,3733
325254+467,22,3734
653154355353,14,3735
366654547,28,3736
252+4557,30,3737
665530,4,3738
54+440,4,3739
44352234254   00,26,3740
62626766,1,3741
66645207,28,3742
6574074+557550,29,3743
53547,30,3744
372226,1,3745
6765550,12,3746
5-545,35,3747
35533+54570560065555,22,3748
665135,4,3749
322626,1,3750
666570,28,3751
664-0347,35,3752
555565776665630,26,3753
6555+4,12,3754
66075046734771,30,3756
543,2,3758
226,1,3759
40430   5202+10,25,3761
622,28,3762
355,30,3763
00-01216,2,3764
757067055   54334,25,3765
26655437,10,3766
6653+4,4,3767
6-54430,35,3768
2722,1,3769
754,10,3770
66513553+,4,3772
6555440,12,3773
677075177057641,30,3774
36-0443,35,3775
23354+5675444,22,3776
4352423525547   7-05-0,27,3777
26226,1,3778
577557564,29,3779
35-43,35,3780
553646770655,31,3781
6101511111,12,3782
207200767760017,30,3783
55566765743,26,3784
54   43+00,30,3785
7551,10,3786
7765440,12,3787
4545-736-45670-444,6,3788
243634+56770,26,3789
506505506504,29,3791
-3464547,35,3792
55555347,12,3794
6770166544330   0,23,3796
622,1,3797
754551-11767666531,26,3798
63755342+,30,3799
675700,10,3800
6-755-40-5,35,3801
755515,12,3802
557757754-44207,35,3803
65-43,35,3805
54-5,2,3806
435335466707656,31,3807
77654,10,3808
7554+0,30,3810
6757440430   0,6,3814
62226,1,3815
457750443,22,3816
403+4,30,3817
654,28,3818
525,4,3820
-5744,35,3821
320237,1,3822
24,10,3823
776,1,3824
664,28,3825
4315,30,3826
564304+,4,3827
4053+,30,3828
053+4,4,3829
34675440,31,3830
543344,30,3831
65654,30,3832
4-34276,35,3833
2,1,3834
7454+0044,15,3835
4-43,2,3836
53+65,30,3837
44+3+0+7,5,3838
754+,11,3839
5566457,26,3840
5504,12,3841
666,1,3842
666,1,3846
6-45,35,3847
44+3,4,3848
5555,14,3849
432,1,3850
444043,14,3851
27262,1,3852
432+55,22,3853
65435+,2,3854
555305,14,3855
5455075440,31,3856
55456655,26,3857
506554,12,3858
6544+40+20+,5,3859
54+4,4,3860
4-44,35,3861
27272-,1,3862
13,10,3863
2,1,3864
6+43,4,3865
3+44,30,3866
553+3,4,3867
35467544,31,3868
35467544,31,3872
5-55566665,26,3873
4253667544430,31,3874
64+4,30,3875
5+7404420,5,3876
77776554,28,3877
2442630,1,3878
466566,28,3879
66656,1,3880
66,1,3881
665,28,3882
323131,30,3883
66666,1,3884
6+6664+,28,3885
777,1,3886
66,1,3887
66+543,28,3888
32+2565,28,3889
432276,30,3890
77675540,11,3891
57-4,35,3892
55677665,26,3893
4-354,35,3894
6476025544,12,3895
55464-7,35,3896
254253+5755,22,3897
54+4,4,3898
4+444,30,3899
4553+,4,3900
5343667755,31,3901
5566654,26,3902
44-4,2,3903
4+5,30,3904
322,1,3905
6544,12,3906
54+447,30,3907
2,1,3908
45447654540,14,3909
41476434,6,3910
2361533,26,3911
6664744,28,3912
6207005+5,31,3913
2,1,3914
4+,4,3915
62,1,3916
47476656706+404,30,3917
76460700+6055,31,3918
5443,30,3919
346644,23,3920
4143,35,3921
36226,28,3922
654245,30,3923
550404+4,15,3924
465-74370,35,3925
5444403,14,3926
53664606514,31,3927
2,1,3928
5543,4,3929
365770555,31,3930
335357-4,6,3931
424353,26,3932
32775,28,3933
653436560605,31,3934
74674,29,3935
4643646055,31,3936
7052,4,3937
575772675541,31,3938
3+4667,25,3939
74-442,2,3940
62453021,28,3941
2,1,3942
653+056,30,3943
4544+20+0,4,3944
3755755,29,3945
534345646704+40,31,3946
22,1,3947
65543+,4,3948
6355770754,31,3949
6656535,26,3950
5267,1,3951
1336,34,3952
3656574,29,3953
415+133+5,23,3954
564420,4,3955
13,10,3956
56-630-,35,3957
7555,12,3958
556544,35,3959
54424,35,3960
323466,22,3961
65344,14,3962
443,30,3963
5242,10,3964
535-6-,35,3965
5440,12,3966
55554-44307,35,3967
2,1,3968
5-4444,35,3969
43+635,4,3970
353570654,31,3971
66664,28,3972
4750,30,3973
4354664,8,3974
453+64+677155,25,3975
5-43+5454,15,3977
4565,29,3978
5-544402,35,3979
654-43,35,3980
43+557656700,22,3981
645-,2,3982
20273,1,3983
4+66757560,23,3984
65064754-44,35,3985
6770654,31,3986
455375-57,6,3987
54344550755,31,3988
654,10,3989
7777654+50,10,3990
66,1,3991
75504+470,30,3992
42435754,20,3993
32243,28,3994
6644660616,29,3995
75707064,23,3996
364655440,31,3997
654+40400,30,3998
45+57,30,3999
747,29,4000
2026,1,4001
56144+47,5,4002
5665-440,35,4003
755544000,12,4004
76076654440,31,4005
4553364665,8,4006
66,1,4007
6653,28,4008
3243152+7754,25,4009
34475410,10,4010
67600665440,31,4011
535464534270,14,4012
455,30,4013
754,29,4014
2022,1,4015
64+4,5,4016
5-4344,35,4017
53+457567,22,4018
4+56764,23,4019
3543405043,14,4020
34+654,4,4021
42060-,35,4022
766550,12,4023
47640254,31,4024
6765564,8,4025
66,1,4026
66543,28,4027
4243+7654,25,4028
3635447,10,4029
52343554054,31,4030
534764422554,14,4031
666,1,4032
644-7-5,35,4033
44+63,4,4034
63475440,31,4035
666,1,4036
544-46665,26,4037
35+6+540272,30,4038
534-4,2,4039
6-47-2526,18,4040
404-3,35,4041
3+45,30,4042
50-443+,5,4043
46457715,29,4044
32354+5775,8,4045
6470324,29,4046
33256644060,10,4047
7665,28,4048
4350,30,4050
67001,30,4051
26667,1,4052
766405676,29,4053
354653627250,19,4054
64353436647040,30,4055
32547-,35,4056
505454,12,4057
54+44,5,4058
3456504,6,4059
243452755,26,4060
27550,28,4061
634355754,31,4062
777654,31,4063
2,1,4064
43446640,8,4065
54-34,35,4066
3665432,10,4067
666,1,4068
45754-44044,35,4069
5445666,26,4070
43671430,10,4071
4773707554540,31,4072
37,1,4073
6444+30+,5,4074
3664,29,4075
04441434+1454,15,4076
354632441526308,30,4077
4342624,1,4078
356450,10,4079
60675,30,4080
66643,28,4081
34474,30,4082
22,1,4083
4565554444404,35,4084
554566,26,4085
64464632+,23,4086
644+,4,4089
4632+6230,31,4090
543355357575,30,4091
443+554,30,4092
475570544404044,5,4093
6641+,4,4094
3463545540,31,4095
4645577055705,30,4096
53500+6544043450,30,4097
666,1,4098
65-3,35,4099
5+44,4,4100
54+,4,4101
4-4,35,4102
2222,1,4103
77554+0,10,4104
2,1,4105
754,10,4106
2,1,4107
67706,23,4108
4446676,26,4111
4312-,35,4112
11044,12,4113
2,1,4114
64444-,35,4119
20-222,1,4120
3354,10,4121
2,1,4122
764,10,4123
4+5655000,22,4124
543427,30,4125
66553054,14,4126
45554322,12,4127
12+776,2,4128
55+5777665,27,4129
4634355475,31,4130
55336,12,4131
5607167544,31,4132
65440402+,5,4133
5657670,26,4134
622666,1,4135
3464,29,4136
4-453,35,4137
262544125,28,4138
177660,29,4139
5556766556,26,4140
177660,29,4141
05-33,35,4142
5621+321,28,4143
55432,14,4144
22465,26,4145
36267,1,4146
66644,28,4147
2444253+645,23,4148
4032534+667,22,4149
430222,1,4150
67076644,23,4151
3121402+17754,22,4152
46760675051,6,4153
7555451277,12,4154
6556670012,5,4155
6563405435,14,4156
5755522,12,4157
152+6,2,4158
4+76065,23,4159
543545474650,31,4160
4533374,28,4161
400650,10,4162
2,1,4163
466674,22,4164
454+,30,4165
46674,20,4166
322,28,4167
55655,29,4168
4034457544,31,4169
54+4300,5,4170
45740,20,4171
3232665,28,4172
56405,29,4173
263527675044,31,4174
6,1,4175
5-54,35,4176
544400,4,4177
6666,1,4178
71126,4,4179
75535   345670544423067,14,4180
60106,4,4181
0-50501,35,4182
54-14445777676  54432067,26,4183
7655053,23,4184
357654444400,31,4185
556405   701,26,4186
262667,1,4187
65554,12,4188
07655+45,31,4189
1261700,20,4190
656057,28,4191
5740,29,4192
24646   544,31,4193
6443,4,4194
54+5,4,4195
2353557704442,31,4196
4+3560,10,4197
6655+440307,30,4199
2007440,20,4200
6465,28,4201
650,29,4202
53355765444,31,4203
0-0106,35,4208
3731777557165,22,4209
141155-4441466665,26,4210
41344+,4,4211
4-1+4,35,4212
2632631011151   500,26,4213
63-226,1,4214
5+744,4,4216
50575430,20,4217
5650,29,4219
406355761544,31,4220
5555,12,4221
50433,15,4222
5645300,10,4223
107,30,4224
66,1,4225
2+4574,4,4226
-4403,35,4227
26265,28,4228
435,30,4229
7070665444,31,4230
66,1,4231
4354656744054,8,4232
365775-44307,35,4233
70666545,10,4234
67414,4,4238
2543+475544+0,31,4239
666653,28,4241
42236543,28,4242
2+55670,30,4243
4767756-57150,22,4254
606405,29,4255
35436675544,31,4256
66767,28,4257
4-44-27-7,35,4258
60607650,21,4259
554,12,4260
644,35,4261
4-4-440,2,4262
2070107105,14,4263
577757056504575,23,4264
2326535437,10,4265
45555555134176,12,4266
575747   05,29,4267
357-44,35,4268
563546    4,31,4269
75550,10,4270
667757575,30,4271
6-75-44307,35,4272
4565754444716,35,4274
7777654+40,31,4275
7540,28,4277
561670676666,28,4278
42434627,30,4279
11460,20,4281
6657,28,4282
4605  6,29,4283
55+4,4,4284
-0+3,2,4285
5436,10,4286
01+0+6,4,4290
15456766665640,26,4291
3354,2,4292
66   55440,12,4293
7760    404,10,4294
7676,1,4295
77674+4140,30,4296
676154540,10,4297
45654-4400,35,4298
4144566554,26,4299
63754540,12,4300
677671,29,4301
75775574,25,4302
2536565305   00,16,4303
3535467060544,31,4304
654,10,4305
7550,10,4306
777654440,23,4308
2022,1,4309
6543+,4,4310
555,30,4311
75540,10,4312
55654-447,35,4314
554+140,4,4315
44,4,4317
10266670,26,4318
6675,28,4319
7666666530,2,4322
54330,14,4323
47714567,29,4324
2226,28,4326
66657,28,4327
34,30,4328
44+044277,30,4335
62,1,4336
66545,28,4337
7544440,12,4338
1607675040,8,4339
40433,35,4340
555651606,29,4341
0576-57-00,6,4342
335356   7554,31,4343
35343564   07   60,30,4344
4+   41,30,4345
60775670445,23,4346
3775544440,12,4347
67666567743   66754,26,4348
66263,1,4349
675530543547544,14,4350
76553+05444744,15,4351
22226,1,4352
675507570,30,4353
6044730,20,4354
2200,1,4355
66,28,4356
11717661,29,4358
0+00,30,4359
4+4,30,4360
40403,4,4361
23354+60555670000,22,4362
767764540,25,4363
2226,1,4364
6744-130,2,4365
675776545,25,4366
35355764544,31,4367
64443544,14,4368
-3415,35,4369
6+54437,30,4370
756660653033,23,4371
266544027,10,4372
25630534,14,4373
6-43,35,4374
3552+44+575556,22,4375
77654,10,4376
666,1,4377
3576443+07,30,4378
5474664   701,29,4379
2226,1,4380
666253,28,4381
453555070566,29,4382
5555534   6701,26,4383
7262675,1,4384
474045454,2,4385
7076757545+170,8,4386
55531,12,4387
22,1,4388
66656443,28,4389
14335356765414,20,4390
340236,28,4391
33,1,4392
576650556776,29,4393
506704040,6,4394
375346554,31,4395
65413,30,4396
54450,4,4397
4-44,35,4398
223,1,4399
5046432,14,4400
666,1,4401
5067776154-424457,35,4402
507744    550,29,4403
45-47-37,35,4404
22236,1,4405
766654,28,4406
646745516,29,4407
6067544   00,20,4408
2723,1,4409
5554,12,4410
7767544030,23,4411
7,2,4412
10327   7-57,6,4413
77770705043,25,4414
544444,14,4415
272,1,4416
67554+40307,30,4417
7765450,11,4418
7675754443020,31,4419
77765414,25,4420
54+430+0,5,4421
67644,10,4422
22,1,4423
6644,28,4424
64563665666,29,4425
112,4,4426
57677750675   0544,31,4427
507065675403   7166501,30,4428
44330226360,1,4429
7550,30,4430
1555-55664,26,4431
653757751   54,31,4432
7767550,10,4433
577676560006544,31,4434
766543,28,4435
6+444+2,4,4436
701017010536,14,4437
666674,28,4438
3446654+4+00   22,18,4439
766,1,4440
6453+0225,30,4441
22,1,4442
0+010356,30,4443
766754040432,10,4444
702065,30,4445
701,2,4446
0+010356,22,4447
344440,14,4448
230262,1,4449
5707654440,31,4450
5634170,30,4451
76-66-5,2,4452
5335775544+0,12,4453
22,1,4454
717   606775000,31,4455
76   543,28,4456
755,30,4457
7002750+07570,9,4458
6665,28,4459
4-4047,35,4460
433+4656   00,23,4461
305,30,4462
776554,10,4463
76555454447,12,4464
675776544334,23,4465
366544037,10,4466
712,4,4467
366544037   50440,31,4468
7   01,30,4469
411545776674,26,4470
534475   54,31,4471
67177565442,23,4472
4543,30,4473
+55-443,35,4474
6,30,4475
413315450477   75434,6,4476
272722,1,4477
670776655145+44444,31,4478
62,1,4479
6444+4277,30,4480
3656371-43,29,4481
46435535,15,4482
545272326544,30,4483
36364550055544,31,4484
555553206,12,4485
565463+,4,4486
755544,12,4487
-17106,2,4488
7-00,35,4489
7666574,28,4490
4324454577655,22,4491
6664,28,4492
7776,1,4493
55454466665,27,4494
60675144-30-2,35,4495
67576545,23,4496
434724343466507,30,4497
252227605,28,4498
322,1,4499
7175747554,31,4500
6544,30,4501
5-54    76643,26,4502
42436644,23,4503
354420,10,4504
1076,29,4505
6737146,20,4506
5,12,4507
75270671,29,4508
6076765741564,20,4509
555543,12,4510
67707064443033,23,4511
54+65676741,2,4512
22,1,4513
500225266,28,4514
676657,28,4515
335,30,4516
4766-75414  0,6,4517
353564507  55,31,4518
22,1,4519
6070644-4427,35,4520
665553+0,4,4521
6555444,12,4522
105,4,4523
26667,1,4524
46765706554044,31,4525
6454+2,30,4526
57-75754  1,6,4527
557273556701406,31,4528
66775707550,30,4529
55+531,12,4530
54,2,4531
65440,12,4532
54,2,4533
655,12,4534
77654,10,4535
746065544440,31,4536
76554,28,4537
3+05,2,4538
365675,20,4539
23336,1,4540
555653,12,4541
6+700755443+,23,4542
6+700755443+,12,4543
644-30,2,4544
27-2,1,4545
564753,30,4546
5444-0403,35,4547
36640,29,4548
4453+04,15,4549
55542,12,4552
65-5,2,4553
55555541,14,4555
15-553,2,4556
43+55705443,31,4557
2,1,4558
22+23+55,2,4559
55566665,26,4560
53135445,14,4561
40222,1,4562
34564+0,30,4563
6435434130,14,4564
4+654,30,4565
54-432431,35,4566
12315545,26,4567
2727564,28,4568
23,1,4569
671076554444,31,4570
74+76001,2,4571
55444576664,26,4572
424336754,10,4573
2,1,4574
366544,12,4575
2,1,4576
+2+17,2,4577
6432-,2,4578
53+66,22,4579
44044544,14,4580
42722,1,4581
5+3444377,5,4582
643+,4,4583
5644431,12,4584
6543,2,4585
553675544400,31,4586
554370,30,4587
47674,29,4588
5373+567574,24,4589
533536465706614,31,4590
301,35,4591
2631111155,26,4592
44514437,30,4593
55-5456665,26,4594
54-35,35,4595
4+447,4,4596
332627,1,4597
453764402770,2,4598
476575740,29,4599
434454770544,20,4600
472723277,1,4601
543,30,4602
2226,1,4603
45364403+36+0,5,4604
444440,14,4605
222,1,4606
54+5,30,4607
44-30-0,35,4608
36545740,29,4610
33151337554,20,4611
43+41+4,30,4612
362635750444,28,4613
31,10,4614
54476-,35,4615
554,12,4616
55554-5302,35,4617
544440,14,4618
2023,1,4619
4+56570,22,4620
743+54,4,4621
3422536,28,4622
435,30,4623
36554735,29,4624
35535777505440,31,4625
77654,10,4626
41234,30,4627
56557565,14,4628
754,10,4631
1311257,34,4632
53-454,2,4633
453727,2,4634
36534726,28,4635
46544730,29,4636
555+460,30,4637
606-05-754544,6,4638
202222,1,4639
754,10,4640
65-4-2,35,4641
654404054,14,4642
36547544,31,4643
64434,14,4644
346,30,4645
555554,12,4646
5735365544432,31,4647
36432+174444030,23,4648
464-4224,35,4649
6474+7767550556,22,4650
674+55+655,19,4651
27722,1,4652
4677745066,30,4653
4-0356,35,4654
7706555,12,4655
46-640-43,6,4656
22266,1,4657
4+56745,22,4658
5076544307,30,4659
77754,10,4660
233,1,4661
401334760,31,4662
52435,2,4663
553,30,4664
262,1,4665
64-,35,4666
4+44,4,4667
2326,28,4668
540,30,4669
54-335-46-567510-,7,4670
5543,12,4671
76564673,29,4672
53775-54,35,4673
+5403+01,30,4674
3664547545,14,4675
535535467075440,31,4676
75551,10,4677
13,30,4678
65453+,4,4679
6755+4440,12,4680
22,1,4681
244434644,14,4682
4275,30,4683
57770776544400,31,4684
443546650,8,4685
4375413,10,4686
4+571,2,4687
22,1,4688
777643,28,4689
6354677544,31,4690
5-5464650-,6,4691
35453357544,31,4692
334754,10,4693
22,1,4694
656-47-,35,4695
44402+,4,4696
345474640-,6,4697
3422366,1,4698
252043,28,4699
32454+,30,4700
67654432+0,5,4701
326765,28,4702
54-0341,35,4703
1274+54465,30,4704
47705774-400,7,4705
04-324,35,4706
4765544,12,4707
45704430,20,4708
45704430,28,4709
645053,29,4710
746770155444431,31,4711
6544+440+300+,5,4712
6-543,2,4713
435-44,2,4714
26225432,28,4715
53574,29,4716
3312507615,20,4717
556555543020,12,4718
66413,35,4719
02343+665,23,4720
534+560,2,4721
5+5770000,5,4722
53564,29,4723
004+44,30,4724
3565,12,4726
00311717-705-1,6,4727
55554446076677,26,4728
654+5,4,4729
54-322,35,4730
465442+07,10,4731
2,1,4732
2653+65+754544030,25,4733
764+4400,10,4734
2,1,4735
64+676,23,4736
444+54043,4,4737
2534365+7444,23,4738
244307,10,4739
545547067,26,4740
555534170,12,4742
67767565545320,31,4743
3554-040,35,4744
2443+477,22,4745
64545040443,15,4746
462231111,26,4747
44325446,35,4748
5544,12,4749
57007555410,31,4750
6665,28,4751
5431,30,4752
2,1,4753
345667554-044727,35,4754
42535457,29,4755
20723,1,4756
64445,14,4757
35633556+0071545,34,4758
66545,28,4759
43622,28,4760
55542,12,4761
55456776,26,4762
445+44,30,4763
2632200111157,26,4764
55507666,26,4765
435+44,30,4766
273,1,4767
777555,10,4768
555554775756600,26,4769
544454,15,4770
325202077554,20,4771
546-76,35,4772
76-55544,12,4773
67076544440,31,4774
36445766040004,8,4775
34375554447,10,4776
3+6457771,2,4777
665,1,4778
66543,28,4779
37355765544403,31,4780
-415142717771,6,4781
535636465770056,31,4782
776554+0,10,4783
22,1,4784
7655405-77-,35,4785
54+442,4,4786
64-40-,2,4787
55555616666,26,4790
760640,29,4791
435+443,30,4792
2637,1,4793
4444312+4+640,22,4794
32355547,30,4795
54+440431,5,4796
23+46,23,4797
10700010,14,4799
5555777667,26,4800
5555,12,4801
31170666,2,4802
6665654,28,4804
654064,29,4805
35775444,31,4806
5442+,4,4807
3+765363337755,19,4808
44263633377,1,4809
646467667705,30,4810
54505543,12,4811
76653+,4,4812
55444,12,4813
4766560755433,23,4814
2622,28,4815
64-354,35,4816
636353636765440,30,4817
220263,1,4818
565541203,12,4819
3,1,4820
+2250440317112+5,5,4821
353444766757433,30,4822
545-7-,35,4823
7-605544,12,4824
64364664004,30,4825
42722637,1,4826
7544+4,10,4827
2,1,4828
7426466500533,30,4829
22737,1,4830
54654-54031,35,4832
6344,25,4833
4-334,35,4834
66540,29,4836
24+56,2,4837
6553+,4,4838
675440,12,4839
77765443,28,4840
35434+37,30,4841
5453+07,10,4842
2,1,4843
5555413,31,4844
44+67771566,22,4845
5+77060755414,23,4846
3337554+,10,4847
62,1,4848
775614+5434276,5,4849
7777654,10,4850
23,28,4851
66665564,29,4852
3436357674,8,4853
43656404+,17,4854
507555,12,4855
75764,2,4856
22,1,4857
66+64,28,4858
33262+54,28,4859
43234260,30,4860
77654,10,4861
554,14,4862
4+447,30,4863
43222,1,4864
455604,4,4867
47530,29,4868
2434665443,23,4869
24+15,4,4870
76444444037,5,4871
754,10,4872
-3565,35,4873
57304,29,4874
45+443,5,4875
2544,4,4876
74-432,35,4877
253674,28,4878
5372253674+0404,25,4879
666,1,4880
36676443+,23,4885
2543,10,4886
7766,1,4887
-435544,35,4888
0302+34,30,4889
41+755,4,4890
5443407,30,4891
777776454,10,4892
66666,1,4893
77564143+07,30,4894
22367,1,4895
-5644,2,4896
22367,1,4897
6550463,4,4898
436477555,31,4899
677050105,8,4900
333+5657067414440,25,4901
77654,10,4902
2,1,4903
7+554+40307,30,4904
64+440404,15,4905
464443+07,34,4906
77754,10,4907
676777065544440,31,4908
5555555541,14,4911
63546577715544,31,4912
26,1,4913
766533+,4,4914
6345770065,31,4915
67677065544340,31,4916
375565575544,31,4917
345366447674044,8,4918
362654430,10,4919
3533+5577,2,4920
62,1,4921
776665,28,4922
364363646577055,31,4923
67757050-,6,4924
633535567070545,31,4925
77654,10,4926
654,2,4927
46336570544,31,4928
5115765,26,4929
31505443402+77,30,4930
77765540,10,4931
17061,29,4932
151444676665,26,4933
57437-7-,35,4934
6144443726,30,4935
23,1,4936
656-407-,35,4937
6454503+,4,4938
67706544,23,4939
336553,10,4940
3,1,4941
5705,29,4942
500-33,2,4943
5577755,34,4944
5675,34,4945
574500,10,4946
6623,1,4947
777655404+4,30,4948
3633445,28,4949
377666,1,4950
577575777654444,31,4951
77754,10,4953
65530544,14,4954
44+03,30,4955
3023,1,4956
6666550,28,4957
335,30,4958
+6543543+,4,4959
54533,30,4960
3+54,4,4961
66075445444,31,4962
2,1,4963
50767675576544,30,4964
45413+,30,4965
51345457,10,4966
67757654,25,4967
26665,28,4968
533315,30,4969
26,1,4970
77001+204677,22,4971
55577665,26,4972
77054444044377,31,4973
61+775775760664,23,4974
43+464,30,4975
324325322073,10,4976
26,1,4977
67657567060,22,4978
6653417075,26,4979
7777,1,4980
6770654443,23,4981
354435454744033,14,4982
754,10,4983
2,1,4984
6544+4070,30,4985
2222,1,4987
55-437-,35,4988
650+44307,30,4989
216,2,4990
+06700567404+,22,4991
3543543554420,14,4992
2733277,1,4993
675+550443+7,5,4994
65404044444,14,4995
27227,1,4996
51115,4,4997
6767066544300,31,4998
5767,30,4999
505755144,29,5000
2027222276,1,5001
026760760+5000217,5,5002
2653337744,28,5003
273337,1,5004
666-4153,35,5005
34575643+0727,30,5006
6655304,14,5007
54+340,4,5008
363457605744400,31,5009
55556765453,26,5010
655+444307,30,5011
22,1,5012
6670071655444,31,5013
66567374,28,5014
746677574046458,30,5015
74755001606,29,5016
276660+1777667,19,5017
23367,28,5018
4766775764,30,5019
5055555302,12,5020
7554+0,10,5021
2,1,5022
7454+0,30,5023
26667,2,5024
-122,1,5025
6761607,18,5026
74-043,35,5027
76144437,30,5028
66666,1,5029
5743722,28,5033
645303,30,5034
554567,26,5039
22,1,5041
76450,10,5042
57667467751706,30,5044
510444+437,30,5045
5074+75440,29,5046
3226267,1,5047
55-34157,35,5048
65444+27+,30,5049
476474,29,5050
3241242+,22,5051
074+543,4,5052
27262236,1,5053
57566664,26,5054
4444765,30,5055
22,1,5056
370,30,5057
227226,1,5058
77666,1,5059
21,28,5060
2457444,8,5061
6435353+5707554444300,25,5062
5756670170,6,5063
57566742022626,1,5064
5767445,22,5065
475044437,30,5066
754,10,5067
+000125+,4,5068
15-457766,26,5069
574547344555444,31,5070
5443+4070,4,5071
57550001,14,5072
555441372,12,5073
220710+,2,5074
555767664,26,5075
45364444+00,30,5076
575404,29,5077
4-714223,35,5078
66666544,28,5079
55447456755505,29,5080
55557664,26,5081
432425,28,5082
5223,1,5083
7676076544443,31,5084
2101+77+65,2,5085
5670443,6,5086
302627,1,5087
555+3+6,4,5088
4-443070,35,5089
75540,10,5090
755443+,30,5091
5444-320,35,5092
262,1,5093
22,1,5094
01304+6,9,5095
4167760-,35,5096
6514404,12,5097
6077605674034,30,5099
464-13,35,5100
32426447,10,5101
6353+65454043,23,5102
74+,4,5103
40-,35,5104
222,1,5105
754,10,5106
2,1,5107
55574,29,5108
22266,1,5109
53575743,29,5110
3022260,1,5111
55473+,4,5112
4-44327257,35,5113
22,1,5114
5-354,35,5115
653+63,4,5116
467467155404,31,5117
6654,28,5118
342356,30,5119
433416054,20,5120
43326337,28,5121
5-423,35,5122
56557,29,5123
363454667755444,31,5124
-50-05,35,5125
47777755606+567000,22,5126
543544,14,5127
3364-,2,5128
64+175,30,5129
75545400,12,5130
207-00,2,5131
35464+56,21,5132
3402622,1,5133
55473765+,4,5134
4-44437,35,5135
734466647,30,5136
354+,30,5137
552+4,10,5138
3546+,25,5139
2,1,5142
600203710+,22,5143
5555557766,26,5144
35475677005454,31,5145
3+56675,23,5146
556335006507-,6,5147
5466140,29,5148
6231511,26,5149
7554443+07,30,5150
554446666654,26,5151
33262544307,10,5152
757076,31,5153
477644040,29,5154
23365,1,5155
544+,4,5156
374+7543727200000,19,5157
54402723,1,5158
533353645657,30,5159
4571757053,12,5160
7714646677777,29,5161
65-440,2,5162
42653575450,26,5163
5545766676,26,5165
4335544440370,30,5166
7355674473,29,5167
30226,1,5168
36754+442+77,4,5169
424-430-,2,5170
72263,1,5171
47753622266,18,5172
54-407,35,5173
675640,30,5174
45446375000676,29,5175
4363+65,30,5176
346767554440,31,5177
5553,12,5178
65-432,35,5179
4231453+,25,5180
754-4,35,5181
2355456754+440332,30,5182
2,1,5183
654-53,35,5184
6444+0,4,5185
5440444,14,5186
2227,1,5187
4342+5,22,5188
74443+41+41+,4,5189
3252,28,5190
44345,30,5191
6666665432,28,5192
44757606-,35,5193
655444,12,5194
76654404403+0,5,5195
6543,4,5196
5443,30,5197
32765443,10,5198
2,1,5199
44335-7-,7,5200
446453244675740,30,5201
306230,1,5202
456-741437,35,5203
41023,10,5204
65554432,12,5205
11312+07,23,5206
32266645402,10,5207
675415+,4,5208
3120+755440,31,5209
354375675574034,30,5210
432+454,30,5211
67500444+,5,5212
654425435,14,5213
444-05,2,5214
23+41,30,5215
47765554440,12,5216
5344+43+00,5,5217
6665435,28,5218
55-43,35,5219
425235,28,5220
5432524+55670,2,5221
22,1,5222
66643,28,5223
2335354+676054,25,5224
3255434176,10,5225
5555542,12,5226
7554,10,5227
2,1,5228
7776444+,30,5229
4044474044,15,5230
372335465040403,30,5231
444-440-300,35,5232
65542,10,5233
7365530,28,5234
34577,30,5235
2323322,1,5236
755-31,35,5237
454+46,4,5238
654454353315314,31,5239
737,28,5240
3123,30,5241
34+56,30,5242
657443,29,5243
43232332,1,5244
5253544+273,5,5245
23322,1,5246
354+3,30,5247
4-35,2,5248
44-45,35,5249
3433262,1,5250
5405,34,5251
13225,10,5252
22,1,5253
752444+377,30,5254
22,1,5255
776541524444054,31,5256
2223543,28,5257
45244-372,35,5258
7222323,1,5259
2132343310,34,5260
122737,10,5261
555554,14,5262
444+4,30,5263
42022222,1,5264
76662653,28,5265
34366,30,5266
343536573566715,30,5267
3222,1,5268
5553,12,5269
5566575-441342,35,5270
551553035,12,5271
364-3404,35,5272
432323,1,5273
5444432+72+3,5,5274
3535434143,14,5275
3322210011,26,5276
336355444404322,12,5277
4123+56,2,5278
2262,1,5279
626574,28,5280
743431,29,5281
1654444735722,31,5282
133+5+574,2,5283
35-345350-4,6,5284
430322763,1,5285
4433+5534310,22,5286
1042+104443+7,30,5287
7534447,10,5288
471712+13+,4,5289
555555637662,26,5290
153535544443041,31,5291
54+6,4,5292
64-42,35,5293
755365457,10,5294
553634670765555,31,5295
77356446,10,5297
232,1,5298
542344+434+334,30,5299
2534676+154,23,5300
464243133753357,30,5301
4325342233,28,5302
21763637,1,5303
34534-434,6,5304
343223213,1,5305
4424424+6443,21,5306
444437271,30,5307
13,10,5308
64344230134,30,5309
44-4334,35,5310
45146355553,12,5311
7642554444,31,5312
5555577773541,26,5313
235544+2,30,5314
654444,31,5315
-34244343254345,6,5316
243101075444441,31,5317
75254447,10,5318
23453473443,29,5319
444404274557535,31,5320
45344-25525,6,5321
255255535331543,31,5322
13333,1,5324
4422443252+,22,5325
223111115,26,5326
436555516356042,31,5327
2343+14+554,25,5328
554-34141,2,5329
363634567400656,31,5330
52222244436167,28,5331
555546376641,26,5332
36354443+7,30,5333
1237,10,5334
6662,1,5335
7665540,28,5336
6434612766,29,5337
3453443414241,8,5338
42453+1463+,17,5339
463+54443,12,5340
2+034+,2,5341
222,1,5342
26662454,28,5343
3226+,28,5344
543344531173,30,5345
666,1,5346
22,1,5347
43541346204,22,5348
423222232151111,26,5349
545363457007656,31,5350
542+44,4,5351
254444,4,5352
413+45631034,23,5353
324362323241111,27,5354
45364443+72+5,30,5355
335+5,4,5356
76740,29,5357
64+44443272,4,5358
655435434633,14,5359
31305543,20,5360
3341457-,35,5361
73555544334536,12,5362
4331442217704,30,5363
472222,1,5364
55555305,12,5365
55555555443,14,5366
65-54,2,5367
1564+705544444443121,4,5368
775306555424,31,5369
65444+34+44,25,5370
4333+532+4,4,5371
444342410,20,5372
342442431552107,16,5373
55542,12,5374
3363421462004,30,5375
32377,1,5376
5554,12,5377
455754-40-34255,35,5378
33532754+55,23,5379
32223,1,5380
40123+,4,5381
44444211314713+27,22,5382
76654,28,5383
355,30,5384
6535+23+,4,5385
251554,12,5386
3544-,2,5387
354+4,4,5388
4+55444311,5,5389
65-435,2,5390
35544443,12,5391
353635667140445,30,5392
42322,1,5393
52445444+04+3233,30,5394
665507546345770,26,5395
422222,28,5396
232333,1,5397
33220210134541,29,5398
66266,1,5399
626266543,28,5400
5232332532,28,5401
435213334567756,30,5402
54442313+3,4,5403
3542674543,20,5404
322323,1,5405
65333144,28,5406
3223555-4444432213,37,5407
666,1,5408
7552547,10,5409
5555+5+55551555,5,5410
6434-24,2,5411
24434340465,14,5412
453513314167022,29,5413
1353341043,29,5414
312353456214144,20,5415
37345,28,5416
165553355536346,31,5417
450560,29,5418
63515542414,16,5419
33+071110753,21,5420
4334146-,35,5421
6-65524,12,5422
336424631060,30,5423
605370723,29,5424
35-4444433611,2,5425
112623+535675,22,5427
65455355357,14,5428
335570725555,31,5429
555555144672347,26,5430
3111,12,5431
643240535,29,5432
55754,29,5433
4+43,30,5434
3+044+5444443173,4,5435
75763554+24,23,5436
6554444,12,5437
234563446767144,30,5438
3424-433,35,5439
65444341,10,5440
22,1,5441
655-44444,35,5443
35363+560,2,5444
555456666151,26,5445
4142+543,23,5446
42414231,10,5447
5143633+,4,5448
577441453345355,31,5449
355740346325674,30,5450
673654443171171+,30,5451
24-42,35,5452
4313534+57330+544,22,5453
723163+14+4,23,5454
272323,1,5455
555151330315,12,5456
1122737,10,5457
112,12,5458
5675365-435,35,5459
65435+424+6,23,5460
655343253,10,5461
22,1,5462
6654,28,5463
725417,10,5466
22,1,5467
54-44351,35,5468
473131+000715556,22,5469
223432+03+54,23,5471
423523134245633+054,22,5472
4372232333,1,5473
553457242406670-,6,5474
4547555554544,12,5475
636547424,29,5476
4143+54,30,5477
435435452+4,5,5478
545245313464004,30,5479
4365536655554,12,5480
3545-2,35,5481
4522323411111,26,5482
52554+3,30,5483
2425353+67,23,5484
427322226,1,5485
543213355564666,18,5486
4335677-,35,5487
771415,29,5488
3553,30,5489
22,1,5490
12341413177555,31,5491
555543,12,5492
4445244244+,22,5493
4454434331,35,5494
2344+5677733031+,22,5495
7654034234435,16,5496
4354-324,2,5497
47655,12,5498
655340+,4,5499
02455433+,4,5500
353557335122222,26,5501
732332342,1,5502
7776143153,28,5503
522272,1,5504
456735255-34533332,35,5505
666,1,5506
555514466554,26,5507
754444343+,30,5508
71,2,5509
2114,12,5510
555444044466665,26,5511
524065540325342,30,5512
36554444352442,31,5513
65-5440-631-,35,5514
54433+3,30,5515
12237,10,5516
62626,1,5517
4+56705071,22,5518
1655444473712,30,5519
70-1126,2,5520
5555454+5776656,27,5521
4304543,30,5522
32335534+53+37,10,5523
22,1,5524
544353620754,20,5525
424522227,28,5526
655441434332,37,5527
626266,1,5528
2342432705444,31,5529
455553143222,12,5530
401474220+7,22,5531
35244-43,35,5532
334645533131067,22,5533
353355474,29,5534
45464365540443,34,5535
667375,34,5536
353355474,29,5537
5540443+33+,30,5538
7657-1536,2,5539
65523145554,12,5540
655515624553077,26,5541
332123112362222,1,5542
253+535,4,5543
26+2222372,1,5544
222622621,28,5545
3533515,30,5546
6-4544,2,5547
3155443,23,5548
3222230,1,5549
54+656774005172124,5,5550
65454333+4,15,5551
154-333,35,5552
26365553537,10,5553
22,1,5554
6262666,1,5555
666666636,28,5556
636315,29,5557
555555555474443,12,5558
6553155434143,14,5559
322354,28,5560
3254-335,35,5561
3765545443+43+32,30,5562
65530322745,29,5563
5566754,29,5564
45-36-54,30,5565
43+44+055444437,4,5566
22,1,5567
5555556470,12,5568
7555524513+65,17,5569
674755141553453,35,5570
654-546,2,5571
76551515454,12,5572
44344353134+6535,22,5573
545-3532,35,5574
52555+616331,22,5575
662,1,5576
7524447,11,5577
6255254-403,35,5578
765353437,11,5579
64+53+55430425+,30,5580
654033+,4,5581
43460640,29,5582
-235-,2,5583
653421622123220,28,5584
70-1,2,5585
667,1,5586
6665,28,5587
535,30,5588
7254547,10,5589
5555662656465,26,5590
7535352270353,30,5591
5554443244217,31,5592
32017,30,5593
5555566667,26,5594
465+44432,30,5595
62,1,5596
123423274,31,5597
626535,28,5598
35-,35,5599
46,30,5600
554,12,5601
6444354545,14,5602
33572421555544,31,5603
66611114440,28,5604
2,1,5605
664,28,5606
3614,28,5607
37112,30,5608
2323426255,10,5612
2372,1,5613
7365413443+43+7,30,5614
13240333+531+444,23,5615
3432222233232,1,5616
543541434232237,18,5617
223456-,35,5618
566540,29,5619
3242171,30,5620
45555556666,14,5621
2440344,29,5622
424313+64,23,5623
44-354,35,5624
33241422,28,5625
4414,30,5626
701,30,5627
-14432,35,5628
6556366,26,5629
312222,1,5630
445355255,8,5631
11+0,30,5632
44243,29,5633
222,1,5634
7645443+43+,5,5635
2,1,5636
22262,1,5644
2265,28,5645
54+555534221,13,5646
653431424555,30,5647
515533142210664,12,5648
455565355-437,35,5649
32662654444,28,5650
222323,1,5651
55544+54637666750,27,5652
667555-4443433225,35,5653
43443620044,20,5654
4322237,1,5655
5555415,12,5656
65436-,35,5657
5554435343570,23,5658
626265554446,28,5659
63626,1,5660
5444544+47666624,27,5661
535544-4303,35,5662
6-554,2,5663
75555,12,5664
34511204353,20,5665
32+1+3+444,25,5666
3354421622,28,5667
7464+23,23,5668
442+,30,5669
45-43,35,5670
373+4,4,5671
4444+444,5,5672
243474643254,29,5673
24712222,28,5675
735724075555,31,5676
7534245566665,29,5677
4745375554+,23,5678
323254337,10,5679
55555554,14,5680
443+5,30,5681
3522534543732,10,5682
22222,1,5683
662254,28,5684
4-3425,2,5685
4543+4433,15,5686
4755555,12,5687
73641347,10,5688
6662,1,5689
45454+,9,5690
44-32,35,5691
737765515554440,12,5692
2,1,5693
2213112+45,2,5694
22,1,5695
34675544-4403032,35,5696
727545+432,28,5699
33,1,5700
653,2,5701
44-3,35,5702
35,30,5703
46222333,28,5706
355-443,35,5707
6226222,1,5708
123312302+744,23,5709
4332222226,1,5710
363355347223223,18,5711
5434-22233,35,5712
3466755,29,5713
532415155,30,5714
666626,1,5715
65-535,35,5716
214444372+76,4,5717
5-44,2,5718
3+462+554,23,5719
6663666,1,5720
73544243032+7,5,5721
6553,30,5722
54-33,2,5723
2556354-544403,35,5724
765255+54,28,5725
223456-,1,5726
5554454+52+366674476,27,5727
15-4-4447,35,5728
43431644,20,5729
43362263,1,5730
5554,12,5731
5534-,35,5732
33545355554,23,5733
