chaincode,huruf,,posisi,
42343203,,,,mulai halaman 00
666631,ب,2,1,
524324431544,س,14,2,
4653341555,م,29,3,
62626,ا,1,0,
3354255,ع,20,1,
653336475554444,و,31,2,
75540,ذ,11,3,
264-,ب,2,1,
322222,ا,1,3,
662643,ل,28,1,
32522453,ل,28,2,
32541706,ه,30,3,
23424604,م,29,1,
,ن,30,3,
62626,ا,1,0,
62443154,ش,15,,
45346713,ي,35,,
,ط,18,,
,ا,1,3,
764443+03+6,ن,30,0,
62,ا,1,0,
75746,ل,28,1,
537544440,ر,12,3,
53+43435256400+4564+5,ح,8,1,
5-4-335,ي,35,2,
5247566,م,29,3,
1323+42,ڤ,24,1,
44337272226,ا,1,3,
625255554444446,ل,28,1,
222,ا,1,0,
6653,ل,28,1,
2425+4547,ل,28,2,
33454142162,ه,30,3,
5432+,ت,4,1,
4527,ع,20,2,
443624714,ا,1,3,
535734722624-04332,ل,28,3,
,ا,1,,
,ل,28,,
,ا,1,,
24653,م,29,,
5254-4+4,ن,30,,
643+,ت,4,,
545-442,ب,2,,
rasm2alpha,huruf,#N/A,posisi,
6355444+3233213463,و,31,0,
222,ا,1,0,
23424540035,م,29,1,
31543+3352,ن,30,2,
2322332415,ا,1,3,
232535346754444,و,31,0,
4352435,ع,20,1,
,م,29,2,
3.10721633335544,ل,28,3,
,ص,16,1,
,ا,1,3,
,ل,28,1,
,ح,8,2,
,ا,1,3,
346753+43+2,ف,23,1,
22,ا,1,3,
2436  54444,و,31,0,
3533+2644+35+4,ل,28,2,
4-233554444,ء,#N/A,2,
42373754444,ک,26,3,
12371,ء,#N/A,,
5-435,ي,35,1,
55-3,ب,2,2,
4336255342,د,10,3,
70557,tasydid,#N/A,,
7655145443,ل,28,0,
66665,ل,28,1,
422+25154453,ل,28,2,
335321353,ه,30,3,
355735342,س,14,1,
456-333,ي,35,,
272222223,ا,1,,
,ف,23,,
,ه,30,,
,م,29,,
534524343 20017,ح,8,,
424353573,س,14,,
5+5443,ن,30,,
2222,ا,1,,
2435243+4+53,ت,4,,
,و,31,,
,ک,26,,
,ا,1,,
36+555454445,ن,30,,
22,ا,1,,
6243,ل,28,,
52+22+745,ل,28,,
431347575,ه,30,,
4242+421,غ,21,,
455,ف,23,,
146453555443,و,31,,
455555332,ر,12,,
5555532,ر,12,,
22,ا,1,,
3214446,ح,8,,
6-530-34,ي,35,,
24+5-41+45,م,29,,
3322222,ا,1,,
66665140,ل,28,,
2233534,ا,1,,
26766151424,ل,28,,
1535311172,ه,30,,
,ا,1,0,
,ل,28,1,
,ا,1,3,
2234,ا,1,0,
525365746  0312,ل,28,1,
2+0064  4534,ل,28,2,
,ه,30,3,
21771131443 32223,م,29,1,
354543534553433,ح,8,2,
,م,29,2,
,د,10,3,
55553223,ر,12,0,
1515154,س,14,1,
55234535775445,و,31,3,
6255554444433,ل,28,0,
23,ا,1,0,
76+6554,ل,28,1,
33657044,ل,28,2,
241201604,ه,30,3,
64253434305  0104,ص,16,1,
3262,ل,28,2,
55635544432,ی,36,3,
22,ا,1,0,
62643,ل,28,1,
272+76,ل,28,2,
4353566,ه,30,3,
43314,ع,20,1,
342422,ل,28,2,
,ي,35,2,
,ه,30,3,
6423,و,31,0,
55554,س,14,1,
32+24512,ل,28,2,
6756,م,29,3,
22,ا,1,0,
,س,14,1,
,ت,4,2,
,غ,21,2,
,ف,23,2,
4555534322,ر,12,3,
,ا,1,0,
,ل,28,1,
,ل,28,2,
,ه,30,3,
,ا,1,0,
,ل,28,1,
,ع,20,2,
,ظ,19,2,
,ي,35,2,
,م,29,3,
76764355444+6,و,31,0,
66266,ا,1,0,
644+,ت,4,1,
6324,ب,2,2,
53461444435,و,31,3,
35223237,ا,1,0,
47667254,ل,28,1,
353424-44,ي,35,2,
143146321067414,ه,30,3,
755054,ت,4,1,
3755445416,و,31,3,
736541243-33,ب,2,1,
53+65577147,ة,4,3,
442314164,ع,20,1,
4254-442,ب,2,2,
65443364,د,10,3,
66245440,ل,28,1,
122623236,ا,1,3,
34557-5,ي,35,1,
3423,م,29,2,
,ل,28,2,
,ک,26,3,
6254,ل,28,1,
2+4143,ن,30,2,
3524+5,ف,23,2,
343241435543,س,14,2,
35421722,ة,4,3,
,ن,30,1,
,ف,23,2,
,ع,20,2,
,ا,1,3,
,و,31,0,
,ل,28,1,
,ا,1,3,
,ض,17,1,
,ر,12,2,
,ا,1,0,
645415544435147,و,31,0,
6624545,ل,28,1,
22233706,ا,1,3,
6424,م,29,1,
3535544444,و,31,3,
33315323+27 143174,ت,4,1,
222,ا,1,3,
4234163274544,و,31,0,
625524,ل,28,1,
225266,ا,1,3,
543364556403,ح,8,1,
54-443,ي,35,2,
2222224,ا,1,3,
54+24443+543,ت,4,0,
5555534242173,و,31,0,
,د,10,0,
,ا,1,0,
54+5,ن,30,1,
3+42+4443545,ش,15,2,
435345725454,و,31,3,
5555+52,ر,12,0,
226,ا,1,0,
53 226,ا,1,0,
,س,14,1,
,ت,4,2,
,غ,21,2,
,ف,23,2,
453555531432,ر,12,3,
,ا,1,0,
,ل,28,1,
,ل,28,2,
,ه,30,3,
,ا,1,0,
,ل,28,1,
,ع,20,2,
,ظ,19,2,
,ي,35,2,
,م,29,3,
35743+74031+,ت,4,1,
-35,ب,2,2,
54433524,ت,4,3,
626624,ا,1,0,
436347244,ل,28,1,
222203365554544,ی,36,3,
222,ا,1,0,
64232,ل,28,1,
3435223753,ل,28,2,
4363457753014,ه,30,3,
353554421336,و,31,0,
4555422,ر,12,0,
2402433676-400,ج,6,1,
43441414325,ع,20,2,
454544444042014,ت,4,3,titik pada ta' hilang
76366666667,ا,1,0,
,ل,28,1,
,ی,36,3,
,ا,1,0,
,ل,28,1,
,ل,28,2,
,ه,30,3,
,و,31,0,
44243434313+35455  2031335,غ,21,1,
322+0544444,ز,13,3,
545344  0021313+634,ف,23,1,
2454+53437  +5536,ت,4,3,
66265,ا,1,0,
,ل,28,1,
44442,ی,36,3,
22,ا,1,0,
102222,ل,28,1,
,ل,28,2,
,ه,30,3,
,و,31,0,
73662554,ل,28,1,
23372,ا,1,3,
354737466701,ح,8,1,
534573432055555,و,31,3,
11122,ل,28,1,
222,ا,1,3,
646554432364,و,31,3,
6255541033,ل,28,1,
223,ا,1,3,
,ق,25,1,HILANG
,و,31,3,
,ة,4,0,
,ا,1,0,
,ل,28,1,
,ا,1,3,
652344,ب,2,1,
,ا,1,3,
,ل,28,1,
,ل,28,2,
,ه,30,3,
,ا,1,0,
652344,ل,28,1,
41331403356744,ع,20,2,
4352332325,ل,28,2,
761544363,ي,35,3,
,ا,1,0,
,ل,28,1,
,ع,20,2,
,ظ,19,2,
47144-314,ي,35,2,
4646665,م,29,3,
6523,ا,1,0,
64453,س,14,1,
5443,ت,4,2,
2452+7,غ,21,2,
434+25,ف,23,2,
5552416,ر,12,3,
22,ا,1,0,
6653,ل,28,1,
344522623,ل,28,2,
325320,ه,30,3,
22,ا,1,0,
666+,ل,28,1,graph terputus
2+452+7,ع,20,2,anotasi hilang
,ظ,19,2,
,م,29,3,
664341570,م,29,1,
4646061435472+74,ن,30,3,
65645745434  0301,ک,26,1,
65342634  32242+0,ل,28,3,
42+74544,ذ,11,0,
4422413+5,ن,30,1,
53744342253+,ب,2,3,
4213552173,ع,20,1,
53+363+434277400,ظ,19,2,
4-435,ي,35,2,
6456056,م,29,3,
22,ا,1,0,
63+76513356,ذ,11,0,
,ن,30,1,
,ي,35,2,
,ت,4,2,
4253645567311,ه,30,3,
44436217,ع,20,1,
4755741434,م,29,2,
425143253,د,10,3,
2,ا,1,0,
6627,ا,1,0,
132+433  4444,و,31,0,graph wau terputus
4435245205,ح,8,1,
7213136337375  341434,ط,18,2,
443222333-,ا,1,3,
,ء,#N/A,0,
756474457013,س,14,1,
446466425,ر,12,3,2131
243645705753445,و,31,0,
33424643434,ع,20,1,
52222644,ل,28,2,
432622333204,ا,1,3,
253+41,ن,30,1,
4-34254434,ي,35,2,
4243+1+06,ة,4,3,
62,ا,1,0,anotasi hilang
64423,س,14,1,
65342442,ت,4,2,titik pada ta' tergabung di ghain
423+7+543620+,غ,21,2,
43423+461+,ف,23,2,
455555443322,ر,12,3,
222,ا,1,0,
7202222,ل,28,1,
3230217332,ل,28,2,
2262635  25,ه,30,3,
222,ا,1,0,
66644,ل,28,1,
422451462044,ع,20,2,
534153 2131+3227,ظ,19,2,
434-33,ي,35,2,
567606,م,29,3,
6442464,م,29,1,
7644+443363,ن,30,3,
555572463146,ک,26,1,
222332440777553,ل,28,3,
335+25431213,ذ,11,0,
366671,ن,30,1,
536706435,ب,2,3,
66266,ا,1,0,
,ع,20,1,
,ل,28,2,
,م,29,3,
,و,31,0,
,م,29,1,
,ن,30,3,
6262634,ا,1,0,
522224334,ل,28,1,
5212354+725,ذ,11,3,
,ن,30,1,
,ب,2,3,
,ا,1,0,
,ل,28,1,
,ذ,11,3,
646545-4445,ي,35,0,
222,ا,1,0,
4232553  2033,ع,20,1,
31435265,ل,28,2,
576266,م,29,3,
22,ا,1,0,HILANG
6553034,ن,30,1,
412222355244472,ک,26,3,
22,ا,1,0,HILANG
643+52,ن,30,1,
5436431+,ت,4,3,
34642424  604,ع,20,1,
3424  333,ل,28,2,
447653415220,م,29,3,
66464,ا,1,,
  264  2223424,ل,28,,
42424  0217234,غ,21,,
24-2314,ي,35,,
546331424155552,و,31,,
65644-3326,ب,2,,
6453543654,س,14,,
325543+,ت,4,,
77555405,ر,12,,
62464,ا,1,,
511323,ل,28,,
22252246315522077,ع,20,,
435444646371,ي,35,,
25554543466,و,31,,
5524-4433735,ب,2,,
65543536,و,31,,
6457615434424624  32+43,ق,25,,
512232130654432,ل,28,,
33122,ا,1,,
6655,ل,28,,
52442543,ت,4,,
532525555442+7435634,و,31,,
355-2545343,ب,2,,
623+566757134,ة,4,,
2435203454,م,29,,
3534445444443732136,ن,30,,
,ي,35,1,
,ت,4,2,
,و,31,2,
23654-47-3243141,ب,2,3,
754341,ن,30,,
45246556361117213214,د,10,,
65543+34,ن,30,,
154437,د,10,,
764645354  06,م,29,,
63+60663453337,ن,30,,
62,ا,1,0,
645353,س,14,1,
5434,ت,4,2,
4122+403+4+665,غ,21,2,
35341334+563645,ف,23,2,
335555453,ر,12,3,
,ا,1,0,
,ل,28,1,
442532333114171,ل,28,2,
44356,ه,30,3,
62626,ا,1,0,
6665644,ل,28,1,
422463145217404,ع,20,2,
34646222205,ظ,19,2,
714-33,ي,35,2,
5676160,م,29,3,
,,,,
2523222224,ب,,,Mulai Halaman 01
5435535354444444444440444,س,,,
5341473466,م,,,
66666,ا,,,
66532,ل,,,
1443 22,ل,,,percabangannya ada di awal dan akhir
343143116,ه,,,
7566525,ف,,1,
55553,ر,,2,
012+65,ت,,2,
666 2,ا,,2,percabangannya di ada awal dan akhir
7754660466,م,,3,
1530,د,,0,
244-33,ب,,1,
622,ا,,2,
5-346355545,ج,,3,
,ا,,,di graph ada tapi di anotasinya tidak ada
65540,ل,,,
36026406,ح,,,
574043,م,,,
325143,د,,,
666243,ل,,,
25143,ل,,,
25310,ه,,,
632+65,ف,,1,
53635755444,و,,2,
,چ,,3,hilang
755-403,ي,,,
313355473102+55442,ڠ,,,
14443-,ب,,,
2226,ا,,,
645534335032+,ت,,,
655-3156,ب,,1,
334544446,ر,,2,
555154546766546533,ک,,2,
32+41+70+122,ة,,3,
64745,م,,1,
463057045,ح,,2,
31444433,م,,2,
244433226,د,,3,
63654332,ف,,1,
533+572+4544,ڠ,,2,
543534514625 0777,ه,,2,percabangannya ada di awal dan akhir
545364567471544544,و,,2,
,ل,,2,
34734055554,و,,3,
54553266643,ک,,1,
,ي,,2,hilang
554443,ت,,3,hilang titiknya
554144432313 5,و,,1,percabangannya ada di awal dan akhir
2010314,ج,,2,hilang titiknya
,ب,,2,gabung semua
,ل,,2,
,ه,,3,
55555456466662431,ک,,1,
52734-2,ي,,2,
444+642+434232,ت,,3,
22414511774704353,م,,1,
14523010243+535473,ڠ,,2,
545-334,ي,,2,
22213111,ک,,2,
634732574217065544122,و,,2,
62+7+522,ة,,3,
73545,د,,1,
5355444-371  14,ي,,3,percabangannya di ada awal dan akhir
555576754423,ک,,1,
2722206,ا,,2,
011,ر,,2,
3+55667500533,ڠ,,2,
35444+72,ن,,3,
,ا,,1,di graph ada tapi di anotasinya tidak ada
5464+,ن,,2,
605345-333726,ي,,3,
654435453445,س,,1,
4355544544423353570,و,,2,
,ا,,2,di graph ada tapi di anotasinya tidak ada
55+7,ت,,2,percabangannya di ada awal dan akhir
4632+43142+1+3+7455544+444,و,,3,kebanyakan + padahal tidak ada titik
,ا,,0,di graph ada tapi di anotasinya tidak ada
64322355574,م,,1,
534567300555544,و,,2,
75754545,د,,2,
0664235,ه,,3,
33434547143  05,م,,1,percabangannya ada di awal dan akhir
35425353  201334142+0,ڠ,,2,percabangannya ada di awal dan akhir
34222,ا,,2,
55155314537,ر,,2,
43352443  20+7,ڠ,,2,percabangannya ada di awal dan akhir
42254  36221,ک,,2,percabangannya ada di awal dan akhir
55+5343,ن,,3,
6443544544,س,,1,
2146313366443,ع,,2,
3546-,ي,,2,
5555440,ر,,3,
6+54+53,ت,,1,
55544,ر,,2,
66254,ل,,2,
,ا,,2,di graph ada tapi di anotasinya tidak ada
6655,ل,,2,
3655535674,و,,3,
626,ا,,1,
75544+2,ن,,2,
1454432,د,,2,
450,ه,,3,tidak berbentuk bundar pdhl di gambar asli bundar
335356305  1015,م,,1,percabangannya ada di awal dan akhir
3531,م,,2,
4-44,ب,,2,
2262,ا,,2,
33667544353+,ت,,2,
4567470745353454205,و,,2,
1053222+33,ل,,2,
2456463  3405-46445363332624,ي,,3,percabangan ada di awal dan akhir
4355-2335564574313,ج,,1,
6222223,ا,,2,angka 2 nya kebanyakan tidak sesuai graph
6666543,ل,,2,
64543343,ن,,3,
34+5,ت,,1,
67443,م,,2,
1232+7,ف,,2,
2553611+7,ة,,3,
655-454,ب,,1,
765555,ر,,2,
2323+43543,ف,,2,
+54,ن,,2,
472237555343,د,,2,
1423563,ه,,3,
013,د,,0,
64444344,س,,1,
0222,ا,,2,
65544+3,ن,,2,
2544  223,ل,,2,
324211317,ه,,3,
,ا,,1,di graph ada tapi di anotasinya tidak ada
4323654,ع,,2,
+54,ت,,2,
222+03+4,ق,,2,
443+54,ة,,3,
0112237,د,,0,
747656304,ف,,1,
2545444,ر,,2,
665540546334,ب,,2,titiknya tergabung sama ba nya
14453,ت,,2,titiknya terpisah
634567405555545,و,,2,
2362234,ل,,2,
5445-34361,ي,,3,
6453443535,س,,1,
452554444431345471,و,,2,angka 4 nya kebanyakan
0123,د,,2,
34654353157,ه,,3,
6551444443536,و,,1,angka 4 nya kebanyakan
,ا,,2,di graph ada tapi di anotasi tidak ada
552544-3364,ي,,3,
53143,م,,1,
462473207545440,و,,2,
776554,د,,2,
,ا,,3,di graph ada tapi di anotasi tidak ada
544444466666542,ک,,1,
4+5147,ن,,2,
7223766453432,ل,,3,
0123,د,,1,
6553,ي,,2,titiknya tergabung sama ro' nya
5555,ر,,2,
,ي,,2,hilang
,م,,2,hilang
53357346210544400,و,,3,
,ا,,0,di graph ada tapi di anotasi tidak ada
666666,ا,,1,
233656-443,ي,,2,
2525453342  226,ل,,2,percabangan ada di awal dan akhir
542172,ه,,3,
756464366405+,ف,,1,
2155444,ر,,2,
,ا,,2,di graph ada tapi di anotasi tidak ada
74557463135657075  2015,ه,,2,percabangan ada di awal dan akhir
343655544203357563,و,,3,
,ا,,0,di graph ada tapi di anotasi tidak ada
34+556,ت,,1,bacaan aslinya TAMSIL tapi di kitab sa nya itu huruf ba
476534,م,,2,
-3542453,ب,,2,
2222654433232,ل,,3,
6530+,ت,,1,
5355444424311305,و,,2,
655-21,ب,,2,
435474635444443,و,,2,
6424,ه,,2,
246575566626,م,,3,
3+663,ت,,1,
-144343,ي,,2,
2222,ا,,2,
73742544,د,,2,
,ا,,2,di graph ada tapi di anotasi tidak ada
66664432,ل,,2,
3521,ه,,3,
644-,ب,,1,
265454,ر,,2,
,ا,,2,di graph ada tapi di anotasi tidak ada
54655444430331242+04,ف,,3,
62665,ل,,1,angka di graph dan anotasi berbeda
365432142464443,م,,2,
72222,ا,,3,
236543247462102140340443,ه,,1,
6443-53334,ي,,2,
432203355367,د,,2,
7575547247  56,ف,,2,percabangan ada di awal dan akhir
457364717111405666,م,,3,
5555563772414322032,ک,,1,
2262,ا,,3,
1331237,ء,,1,
454533634+5575000,خ,,2,
355544040,ر,,2,
7+5425,ة,,3,
442363556-404,ج,,1,
364354445  4313553,و,,2,percabangan ada di awal dan akhir
6555546475554311432,ک,,2,
5222,ا,,3,
3+56,ت,,1,
7536443,م,,2,
155443  3242+7,ف,,2,percabangan ada di awal dan akhir
54+44437,ت,,3,
1133,د,,0,
7651,د,,1,
45,ي,,2,
67-44,م,,2,
54463535761644120442,و,,3,
1232534573460453544,و,,1,
626,ا,,2,
62535-3453215  34,ي,,3,percabangan ada di awal dan akhir
25474463045365245,م,,1,
44454313514610754,و,,2,
7653154,د,,2,
,ا,,3,di graph ada tapi di anotasi tidak ada
4343255  1744,ع,,1,percabangan ada di awal dan akhir
55651454,ر,,2,
655350,ي,,2,
235554431375,ف,,3,
6435-,ب,,1,
355533014107,و,,2,
72550,د,,2,
74567-,ي,,2,
6403,م,,2,
65444343,ن,,3,
363575305744,ح,,1,
3222223,ا,,2,
33572455700444354,ص,,2,
24322533,ل,,2,
244  233010111,ک,,2,
563544403273,ن,,3,angka 4 nya kebanyakan
5545666,ک,,1,
624034,م,,2,
3465544544444314217,و,,2,
76550,د,,2,
575544-332,ي,,3,
65544433533,د,,1,
,ا,,2,di graph ada tapi di anotasi tidak ada
753653+54447,ن,,3,
75646425443  32+3,ف,,1,percabangan ada di awal dan akhir
241255335326,د,,2,
253577555554444443723,و,,2,
71013141027,م,,2,
1013354636,ن,,3,
43354214443,ح,,1,bacaan aslinya ALAT
222232342,ا,,2,
662665526443,ل,,2,
2+41+54,ة,,3,
76534065531  231+,ف,,1,percabangan ada di awal dan akhir
6554,ر,,2,
536066453630014221,ه,,2,
36535544544236,و,,3,
,ا,,0,di graph ada tapi di anotasi tidak ada
54-335574446  45,ج,,1,percabangan ada di awal dan akhir
524445444536450,و,,2,angka 4 nya kebanyakan
01310731112554034,ک,,2,
766652,ا,,3,
555564466644,ک,,1,
6355554454,ر,,2,
7400203016314035,ج,,2,
5544457676644,ک,,2,
44655443+,ن,,3,
66626,ا,,1,
2664-35,ي,,2,
355035,ت,,2,titiknya bergabung sama lam nya
3362223,ل,,2,
,ه,,3,di graph ada tapi di anotasi tidak ada
231453534315-32544327,ج,,1,
22222,ا,,2,
662642363,ل,,2,
624535472+,ن,,3,
2544756,م,,1,
6543,م,,2,
54-444,ب,,2,
436222,ا,,2,
54353,ت,,2,titiknya ikut anotasinya wawu
545454413+4753256,و,,2,
66656334  2,ل,,2,percabangan ada di awal dan akhir
4444-40-37,ي,,3,
6626,ا,,1,
2643+,ن,,2,
1436435444,س,,2,
32222,ا,,2,
65544+437,ن,,3,
77530544,ف,,1,
6555444,ر,,2,
73012+,ت,,2,
551566624,ک,,2,
73012352355544432,و,,2,
021331,ه,,3,
5345354-5310,ج,,1,
3543646245160065555,و,,2,
555315720657462710113345,ک,,2,
22223,ا,,3,
54345443053547,ح,,1,bacaan aslinya ALAT
22722223,ا,,2,
123262643,ل,,2,
+5555,ة,,3,
5532+1353,ف,,1,
25544440,ر,,2,
65442432030314354,ه,,2,
452435554444431033523,و,,3,
62626,ا,,0,
54364604443,ح,,1,
322623,ا,,2,
346734640004443543,ص,,2,
322441  22231001,ک,,2,percabangan ada di awal dan akhir
544+44737,ن,,3,
664-4,ب,,1,
,ک,,2,terputus
,ل,,3,terputus
,ا,,1,di graph ada tapi di anotasi tidak ada
65-50  7,ي,,2,percabangan ada di awal dan akhir
36555440,ر,,3,
013,د,,1,
,ا,,2,di graph ada tapi di anotasi tidak ada
7254443+,ن,,3,
6552464757342464  012600,ک,,1,percabangan ada di awal dan akhir
72222,ا,,2,
57575-,ي,,2,
354535543252133525561,و,,3,
6206453537,د,,1,
6626,ا,,2,
66250-,ي,,2,
34316553146107,و,,2,
+6406600656677142,ڠ,,3,
23234+52554433,ف,,1,
21463133+6444,ڠ,,2,
2222,ا,,2,
55-253,ي,,2,
43655444433221  6245670,و,,2,percabangan ada di awal dan akhir
3135,ه,,3,
253+,ت,,1,
2222,ا,,2,
65454,ر,,2,
5355432  2133,و,,2,percabangan ada di awal dan akhir
10130,ه,,3,
5354435,س,,1,
445-,ي,,2,
3552+,ت,,2,
3555544433135460,و,,3,
2534544033,س,,1,
532+034437,ف,,2,
222,ا,,2,
,ي,,3,tidak berbentuk seperti ya
,,,,
,ب,,1,awal halaman 02
,ا,,2,
364+6404,ڠ,,2,
+5443+74,ت,,3,
6354352542+3,ف,,1,
444404,ر,,2,
22,ا,,2,bersambung dengan ro'
653245210313,ه,,2,
535455444414473,و,,3,
6534745-5,م,,1,
2224,ل,,2,
223,ا,,2,
4-342454,ج,,2,
7341310554540,و,,2,
2224223,ا,,3,
,س,,1,tidak sesuai dengan graph
,و,,2,
1323,د,,2,
2343556401434  22105,ه,,2,
14432,ل,,2,
42172,ه,,3,
4354744,ح,,1,
4433623,ا,,2,
644241 13,ص,,2,
4-354-34,ي,,2,
622254432,ل,,3,
1353122414  26,ک,,1,
27722223,ا,,2,
3564-4,ي,,2,
634572420555,و,,2,
222,ا,,3,adanya percabangan dengan wau
1121333,د,,1,
223,ا,,2,adanya percabangan dengan dal
4102237,ن,,3,
66266,ا,,1,
6-563,ي,,2,
7554,ر,,3,
2222+23+44,ل,,1,
323414422+03+73,ڠ,,2,
34522322115,ک,,2,
4-42544,ب,,2,
353366443  33111115,ک,,2,
7744444+434,ن,,3,
6+5434,ف,,1,tidak ada lengkukan pada wau
245521046,و,,2,
73627,ل,,2,
,ا,,3,hilang 
3644454444443 5,س,,1,
3223,ا,,2,
635444440371320735,و,,2,
,ه,,3,hilang
735247,د,,1,
22,ا,,2,hilang
635444454+444+343235,ن,,3,
7376513356,ل,,1,
7576376,ا,,2,
7-455-25354  546,ي,,2,
77554,ر,,3,
5532134334243,ف,,1,
665423,د,,3,
35-3433,ب,,1,
622264,ا,,2,
5551422,ر,,2,
141234144644434+3265,س,,3,
1030-10112,ب,,1,
556567  64532,ک,,2,
22264  ,ل,,3,
45-36-4640-,ج,,1,
322,ا,,2,
434352+134+44,ڠ,,2,
44+44,ن,,2,
4653256,م,,3,
62+45474,ت,,1,
224+2+644,ق,,2,
534540443,ص,,2,
-317-55,ي,,2,
555073+5,ر,,3,
64+552+43451,ن,,1,
43443223,س,,2,
1456457-7342443,چ,,2,
222222,ا,,2,
05-27-,ي,,3,
64535434314,س,,1,
34575303,م,,2,
2534 102203,ف,,2,
36555344,ر,,2,
222,ا,,2,
7654143+436,ن,,3,
44464-40-43  235,ج,,1,
222,ا,,2,
62626534,ل,,2,
355443+76,ن,,3,
364-4,ي,,1,
243135354775,ڠ,,3,
5555627266543,ک,,1,
43241,ب,,2,
55-36,ي,,2,
5555,ر,,3,
774022,ت,,1,
66666,ا,,2,
2453344554557417266614,ݢ,,2,
5313673205454433,و,,2,
271332,ه,,3,
4345-3454,ج,,1,
63471410554,و,,2,
655663067544,ݢ,,2,
322226,ا,,3,
45424644,ح,,1,
223,ا,,2,
62654543  22,ل,,2,
2+4531+0,ت,,3,
77530725445,ڤ,,1,
35555555,ر,,2,
223,ا,,2,percabangan dengan ro'
6632467424  2053,ه,,2,
634674265545444,و,,2,
2,ا,,3,
346424,م,,1,
54735754555  4544,و,,2,
266,ا,,2,percabangan dengan wau
766535541547,ر,,2,
5+544432,ث,,3,dibaca NYA
263536570,س,,1,
5424,م,,2,
43134+553+3045,ڤ,,2,
-354,ي,,2,
+444435,ت,,3,
64+5,ت,,1,
5644,م,,2,
432363133+653,ڤ,,2,
5+45342,ت,,2,
22202034,م,,3,
662542,ل,,1,
2226,ا,,2,
,ل,,2,HILANG
,و,,3,
12+4,ب,,1,
-34232224,ا,,2,
25-44,ي,,2,
322+36+7644,ق,,2,
336222655333,ل,,2,
635671,ه,,3,
735540247,د,,1,
264335343,س,,2,
5+4403,ن,,2,
226265,ا,,3,
22,ا,,1,percabangan dengan kaf
77-210222,ي,,2,
55545376664  +304,ک,,2,
463754543+22105,ن,,3,
0123,د,,1,
222,ا,,2,percabagan dengan dal
7644+443366,ن,,3,
6444311230335664,ه,,1,
44254-35,ي,,2,
2555524131073,و,,3,
345744,م,,1,
22254+,ن,,2,
446647340177-444,ج,,2,
245713215  +15,ݢ,,2,
72222,ا,,2,
557354-44+75,ي,,2,
22,ا,,3,percabangan dengan ya'
747463544  36,ڤ,,1,
55+44,ر,,2,
22,ا,,2,percabagan dengan ro'
543232452177403,ه,,2,
635544044314534,و,,3,
62614447+26,ل,,1,
62626,ا,,2,
7652,ل,,2,
53335724531154547,و,,3,
013,د,,1,
65345354,س,,2,
4-5,ي,,2,di graphnya ta' dulu baru ya'
3553+5,ت,,2,
3555445355,و,,2,
7-0,ا,,3,
336560,م,,1,
45543133542135554445,و,,2,
222,ا,,2,percabangan di wau
55551553,ر,,2,
552445323111+14+53,ث,,3,dibaca NYA
35635435,د,,1,
626254,ل,,2,
4757452666,م,,3,
226,ا,,1,
70-025-,ي,,2,
555556666540,ک,,2,
336364343332+3,ن,,2,
7+6630555,ڤ,,2,ditambah + karena adanya titik di fa'
353531555,و,,2,
26,ا,,2,percabangan dengan nun
040427,ن,,3,
24-4,ب,,1,
222,ا,,2,
6-54,ي,,2,
3635524317,ق,,3,53465 ini titik pada qof
012,د,,0,
,س,,1,putus dan hilang
,ا,,2,
36+443  5+5,ن,,2,
225254  22,ل,,2,
24434210674,ه,,3,
363+6775543,ڤ,,1,
76554455,ر,,2,
226,ا,,2,percabangan dengan ro'
63475544,ه,,2,
6554331414  10114353,و,,3,
,ک,,1,HILANG
,ا,,2,
5556515232,ر,,2,
05636424566607,م,,3,
01323,د,,1,
63626,ا,,2,
75424402+7,ن,,3,
111113,ر,,1,
664255454,و,,2,
555555,س,,2,
3+5+705655,ق,,3,
,ک,,1,HILANG
,ا,,2,
5555565325,ر,,2,
43+56674045,ڠ,,2,
3655345332+73,ن,,3,dibaca NYA
2+544432,ت,,1,
62225,ا,,2,
54363567-50,ج,,2,
3554353046,م,,3,
6553412533531453,س,,1,
3142 +034+6,ڤ,,2,
5555555230322,ر,,2,
13+1+713+4+,ة,,3,
75+6,ت,,1,
754-40,م,,2,
4-435,ب,,2,
53235242+0555,ق,,3,
65565340776414,ک,,1,
3222625,ا,,3,
627626,ا,,1,
655443+54+54,ت,,2,
54654437216,س,,3,
5532+13+43,ڤ,,1,
5435453,س,,2,
5451-,ي,,2,
55523,ر,,3,
655564  111343,ک,,1,
72250630,ا,,2,
5424  3,م,,2,
5335707355444,و,,3,
653+43+,ت,,1,
6555414,ر,,2,
53442440,س,,2,
403+5,ش,,2,
44+44,ء,,2,
332622,ا,,3,
55557666624+41,ک,,1,
3+54,ت,,2,
464312425  20335,ه,,2,
5335742465554,و,,2,
65345-423255,ي,,3,
66626,ا,,1,
2435460555454,و,,2,
53332235,ل,,2,
46563505643221475  302346,ه,,2,
647460566,م,,3,
65433152  07613,ه,,1,
457761444113272,ي,,3,
62,ا,,1,hilang
7254,ن,,2,
25531243+0074444767,ق,,3,
013,د,,1,
6626,ا,,2,
5555544+4537666643,ݢ,,2,
346331436,ڠ,,3,terputus 
752654447,ر,,1,
6666,ي,,2,
700,ا,,2,
0227,ء,,2,
6544442+,ث,,3,
655554445,ر,,1,
65+5,ن,,2,
54647473444  3314,چ,,2,titik ca tidak ada
541462066,م,,3,
22,ا,,1,percabangan dengan mim
53655554444040+0320334,و,,2,
6424143  13,م,,2,
3544443,ب,,2,titik ba' tidak ada
222636,ا,,2,
032432310,ء,,2,
7001+41+2,ث,,3,
13235133537,ک,,1,
2224,ا,,2,
1521531,ر,,2,
6,ا,,2,
75676055566,ڠ,,3,terputus
65-4,ب,,1,
4+545,ت,,2,
4255454363570,و,,2,
701225,ل,,2,
554445447665,ک,,2,
746376444+433+2,ن,,3,
23+53754433522  1+54,ڤ,,1,
524444232,د,,2,
734653421544444463,و,,2,
54314 ,م,,2,
3+52+44433712613,ن,,3,
55551666,ک,,1,
61303,م,,2,
53357247211555454,و,,2,
6145435,د,,2,
565415-448,ي,,2,
7564456677,م,,3,
30015323+42,ڤ,,1,
554557667,ݢ,,2,
5453433134+65,ڠ,,3,terputus
45-33567-4443,ج,,1,
2223,ا,,2,
3+5657044,ڠ,,2,
645444443,ن,,3,titik pada nun tidak ada
6553,ت,,1,
655454,ر,,2,
001223,ل,,2,
7007320633,ڠ,,2,
55635546366765,ک,,2,
452555444,ر,,3,
6555546  71577113236,ک,,1,
26656,ا,,3,
133325,ء,,1,
2543+,ت,,2,
55435536544343262,س,,3,
55566,ک,,1,terputus
,ر,,2,hilang
57731656662641,ڠ,,3,terputus
5555332,ر,,1,
254-44-37,ي,,2,
22,ا,,2,
5676,ء,,2,
6555443426,ث,,3,percabangan dengan huruf atasnya
755555,ر,,1,
4+45,ن,,2,
375717-044314,چ,,2,
56635435222314,م,,3,
22,ا,,1,percabangan dengan mim
067565334446,و,,2,
335442143,م,,2,
4-15447,ب,,2,
2226364,ا,,2,
6365,ء,,2,
52444-43+4-3+35,ث,,3,
555614765-43,ک,,1,
72213372,ا,,2,
65444,ر,,2,
457737611665,ڠ,,3,
72627,ا,,1,mulai halaman 03
7-0112,ي,,2,
545545367563,ک,,2,
44537554433232,ن,,3,
54522141+05,ف,,1,
35455531417453,و,,2,
7+004125,ن,,3,
35-4443,ب,,1,
722,ا,,2,
,ي,,2,terputus
554334133+57,و,,3,
1520,د,,1,
,ا,,2,hilang
+65444,ت,,2,
3353655673131+01,ڠ,,3,
355743,م,,1,
5-444327,ي,,2,
2222,ا,,2,
1112,ر,,2,
,ڠ,,3,terpotong
3464144  5,م,,,percabangan ada di awal dan akhir
2226,ا,,,
,ن,,,terputus
54+,ن,,,
54355,ت,,,tidak ada titiknya
555444,ر,,,
5354  23,م,,,percabangan ada di awal dan akhir
544,ی,,,
5746554  46,ف,,1,percabangan ada di awal dan akhir
765454453,ر,,2,
6626,ا,,2,
42642424  217103,ه,,2,percabangan terputus-putus
3165555444  36442421,و,,3,
2353131+05543,ف,,1,
55254454,ر,,2,
5154566667,ک,,2,
4765144-41140,ي,,3,
7644,د,,,
,ا,,,di graph ada tapi di anotasi tidak ada
364543+,ن,,,
323+52+54,ف,,,
222,ا,,,
,ت,,,terputus
,ڠ,,,terputus
3356324466740432  5,ه,,1,percabangan ada di awal dan akhir
5+1532,ن,,2,
4254366,د,,2,
7565523544445+,ق,,3,
344656,م,,1,
443,م,,2,mimnya tidak jelas terlihat
41-4,ب,,2,
223,ا,,2,
,و,,3,terputus
,ء,,0,hilang
5556626243,ک,,0,
5+4533,ت,,1,
222,ا,,2,
201+,ڠ,,2,
01,ه,,3,ha nya tidak terlihat jelas
2533524250343553353,س,,1,
21232322326,ا,,2,
25335672462106601244,و,,2,
755757477155511,ڠ,,3,tidak ada titik dan kurang lengkungan bawahnya
642434,م,,1,
2743331030365544,و,,2,
01113,ر,,2,
,ا,,2,di graph ada tapi di anotasi tidak ada
700+1+2,ث,,3,dibaca NYA
,ا,,1,di graph ada tapi di anotasi tidak ada
754-3,ي,,2,
52554443,ت,,3,tidak ada titiknya
,ت,,1,terputus
0113,ر,,2,
626544,ل,,2,
,ا,,2,di graph ada tapi di anotasi tidak ada
665,ل,,2,
355324105544,و,,3,
4354434,س,,1,
4535332474,م,,2,
2327+4,ف,,2,
,ي,,2,di graph dan di anotasi tidak sama
,ت,,3,
,د,,1,terputus
355630  5,م,,2,percabangan ada di awal dan akhir
4+4,ن,,2,
222,ا,,3,
3105540232  27,ل,,1,percabangan ada di awal dan akhir
522102430,ا,,2,
64  23252,ل,,2,percabangan ada di awal dan akhir
74247055363313142301554,و,,3,
23750,د,,1,
65543544,س,,2,
+54420,ن,,2,
22726,ا,,2,
5545666,ک,,2,
,ن,,3,terputus
2623263744  55,ل,,1,percabangan ada di awal dan akhir
222,ا,,2,
6655,ل,,2,
154335457,و,,3,
013,د,,1,
,س,,2,terputus
+44443,ن,,2,
222,ا,,3,
0113,ر,,1,
,ا,,2,di graph ada tapi di anotasi tidak ada
55546665,ک,,2,
24-43,ي,,2,
44-44,ب,,3,bacaan aslinya RAKIT tapi di kitab ba bukan ta
44-34656404344,ج,,1,
,ک,,2,terputus
6626,ا,,2,
,ل,,2,"terputus, di graph ada tapi di anotasi tidak ada"
,و,,3,
,ا,,1,
011637,د,,2,
,ا,,3,di graph ada tapi di anotasi tidak ada
66332145321+75454303,ف,,1,
52262544232,د,,2,
757644573215554443,و,,2,
65543241474  13,م,,2,percabangan ada di awal dan akhir
77044444+273,ن,,3,
75442,د,,0,
55554  00675544,ک,,1,percabangan ada di awal dan akhir
266  22,ا,,2,
,ف,,2,terputus
,ي,,2,
,ة,,3,
,س,,1,hilang
,م,,2,
,ف,,2,
,ر,,2,
+1444,ن,,2,
32222,ا,,3,
4-4245443,ج,,1,
222,ا,,2,
626666443,ل,,2,
+544,ن,,2,
523525,م,,3,
554+0,ت,,1,
655544,ر,,2,
12343,ل,,2,
5266,ا,,2,
6552,ل,,2,
35153236,و,,3,
6643134+654,ق,,1,bacaan aslinya KUAT
45335554444173,و,,2,
-41222634,ي,,2,
2245-4443726,ب,,3,
2554-36,ب,,1,
226,ا,,2,
255-443,ي,,2,
,ء,,2,hilang
3255  23,ل,,2,percabangan ada di awal dan akhir
435,ه,,3,
63605443  23,ف,,1,percabangan ada di awal dan akhir
76544444,ر,,2,
2342457415  2005,ه,,2,percabangan ada di awal dan akhir
5463454155544,و,,3,
,ا,,0,di graph ada tapi di anotasi tidak ada
554454  6654430,ک,,1,terputus tapi bisa dibaca angkanya
5402443+36,ن,,3,
755414,د,,0,
,ف,,1,terputus
,ر,,2,
70112+,ت,,2,
5555536662624,ک,,2,
3523554443207,و,,2,
753425,ه,,3,
44353567544,ح,,,
27226,ا,,,
54135443,ص,,,
422622,ا,,,
5344244435434  2170634,ص,,,percabangan terputus-putus
214353   262340041111,ک,,,
37444342+,ن,,,
53544  3134+63,ف,,1,percabangan ada di awal dan akhir
5+443,ن,,2,
422265443,د,,2,
51254421,ر,,2,
,ة,,3,tidak berbentuk huruf ta
7363544,د,,1,
,ا,,2,di graph ada tapi di anotasi tidak ada
44442521+054,ڠ,,2,
4764444+436,ن,,3,
0402+23,ت,,1,
66674,ا,,2,
2626750,ل,,2,
75-244-04432,ي,,3,
64353644344,س,,1,
2262,ا,,2,
6533154170354443,و,,2,
,ه,,3,tidak berbentuk huruf ha
,ا,,1,di graph ada tapi di anotasi tidak ada
44361+054423,ڠ,,2,
4253,ن,,2,tidak ada titiknya
654+32,ث,,3,dibaca NYA
5561767546445,ک,,1,
365554544,ر,,2,
3664443644477544444322154,س,,3,
66666,ا,,1,
7466544424,و,,2,
345414434,م,,2,
-144342,ب,,2,
2226,ا,,2,
6365135,ء,,2,tidak terlihat seperti hamzah
65444+04442,ث,,3,angka 4 nya kebanyakan
443424-24434  0,ج,,1,percabangan ada di awal dan akhir
32336,ا,,2,
5-545,ب,,2,
5354443432  31141075,و,,2,percabangan ada di awal dan akhir
2410,ه,,3,
66254247,ل,,,
2622,ا,,,
,ا,,,di graph ada tapi di anotasi tidak ada
66254543,ل,,,
42361,ه,,,
,ا,,,di graph ada tapi di anotasi tidak ada
62672544,ل,,,
,ا,,,menyatu sama la nya
,ا,,,di graph ada tapi di anotasi tidak ada
626554343,ل,,,
2443  22,ل,,,percabangan ada di awal dan akhir
4523202,ه,,,
,ا,,1,di graph ada tapi di anotasi tidak ada
55-4,ي,,2,
6543+7,ت,,3,
2+544436,ت,,1,
2222232,ا,,2,
,ل,,2,di graph dan di anotasinya berbeda
,ي,,3,
-00121,ي,,1,
544327311032  3244320317,ڠ,,3,"percabangan ada di awal dan akhir, titiknya ikut ke kaf"
67012,ت,,1,titiknya ikut ke kaf
5-555-5516665,ݢ,,2,"garis - pertama adalah titik dari ghin, dan garis - kedua titik dari ta"
3357544434322112142420,و,,2,
,ه,,3,hilang
754445,ب,,1,titiknya hilang
3555,ر,,2,
433531+0533,ڠ,,3,
544354,س,,1,
44-40,ي,,2,
337223,ا,,2,
6635444444242+73,ف,,3,
6553  13,ب,,1,percabangan ada di awal dan akhir
5255522,ر,,2,
544456666143,ݢ,,2,
533+52,ن,,2,
443+,ت,,2,
553143107544,و,,2,
544432  4452310+,ڠ,,3,percabangannya terputus
55655  66550,د,,0,percabangan ada di awal dan akhir
55555341,س,,1,
244-3,ي,,2,
+543,ت,,2,
,و,,3,terputus
265535336,ت,,1,
2226,ا,,2,
73552554,د,,2,
2555553042  32362035,و,,2,percabangan ada di awal dan akhir
32314210776,ه,,2,
6623566414,ل,,2,
2554272107,ه,,3,
5515555341,س,,1,
2444-43,ي,,2,
542222,ل,,2,
23333,ا,,2,
75-5,ب,,2,
53533647555320,و,,3,
64-43,ي,,1,
524321213+055,ڠ,,3,tidak ada lengkungan bawahnya
735515444,ر,,1,
45+4,ن,,2,
640725-,ج,,2,
6456345573066627,م,,3,
627,ا,,1,
65-4443,ي,,2,
55+444,ت,,3,
,ف,,1,terputus
,د,,2,tidak ada anotasinya
,و,,2,
,م,,2,
,ن,,2,
,م,,3,
65354-43,ب,,1,
544+,ت,,2,
3654555531430,و,,2,
626625653335225,ل,,3,
757636055465,ف,,1,
375555445,ر,,2,
662,ا,,2,
756534356004,ه,,2,
5355443425032,و,,3,
272,ا,,0,
6533253545,م,,1,
3535554417356,و,,3,
6254422,ل,,1,
2337,ا,,2,
62615,ل,,2,
2553214310754,و,,2,
35363575570-,ج,,2,
35347574707555,و,,3,
64435443,س,,1,
2445  62,ل,,2,percabangan ada di awal dan akhir
,ا,,2,di graph ada tapi di anotasi tidak ada
46575,م,,2,bundaran mimnya tidak penuh
253+55,ة,,2,
,ل,,2,terputus
,ه,,3,
,ا,,1,di graph ada tapi di anotasi tidak ada
410+41433,ڠ,,2,
24  223111,ک,,2,percabangan ada di awal dan akhir
3544444033524317,و,,3,
555515566262656475,ک,,0,
32523+462040,ف,,1,
3535355553217,و,,2,
326276545,ل,,2,
354655543130345,و,,3,
6262,ا,,1,
66515-35,ي,,2,
2+54444377,ت,,3,
22224,ل,,,
226333,ا,,,
6266,ا,,,
77665433,ل,,,
5245674,ه,,,
662,ا,,,
662663143,ل,,,
233+7,ا,,,ada tasydid
,ا,,,di graph ada tapi di anotasi tidak ada
66661413,ل,,,
5222+643,ل,,,ada tasydid
5245667,ه,,,
44-3646404,ج,,1,
5355444347542,و,,3,
2654-24,ي,,1,
1453323077155,ڠ,,3,tidak ada lengkungan bawahnya dan tidak ada titiknya
,ا,,1,di graph ada tapi di anotasi tidak ada
,ڠ,,2,terputus dan di graph ada tapi di anotasi tidak ada
55566674,ک,,2,
355324205443,و,,3,
52024,ه,,,
32513,ع,,,
22,ا,,,
,ا,,1,
,ي,,2,
,ک,,2,
,و,,2,
,ة,,3,
,د,,1,
,ي,,3,
,ل,,1,
,ا,,2,
,و,,2,
20202536560,ة,,3,tidak ada titiknya
55445445342766746636540,ک,,1,
63452563415554,ر,,2,
,س,,3,di graph ada tapi di anotasi tidak ada
3336457457426222 0015 ,ط,,1,
347133107504440,و,,2,
75635544  32+3,ف,,2,percabangan ada di awal dan akhir
4254734+26,ن,,3,
0250,د,,1,
,ا,,2,hilang
+01412130,ن,,3,
011227,ر,,1,
76534-,ي,,2,
-35,ب,,2,
35336544444  3134,و,,2,percabangan ada di awal dan akhir
226,ا,,2,
53421+3+,ة,,3,
,,,,
########## page 4,,,,
,,,,
2233236,ا,,1,mulai halaman 05
47754-,ي,,2,
344+70,ت,,3,
743,ت,,1,
76444,ر,,2,
666754,ل,,2,
222,ا,,2,
66176645,ل,,2,
436414217554544447,و,,3,
2764364-,ب,,1,
35435444,س,,2,
331546554445,ر,,3,
23553474004355,ط,,1,
5240310225,و,,2,
4606544,ف,,2,
754442+76,ن,,3,
7654,د,,1,
22,ا,,2,
54+40123,ن,,3,
765556,ر,,1,
5474-4,ي,,2,
3567-5,ب,,2,
33567-555443211+03+5,و,,2,
+03+5,ة,,3,
5+76,ت,,1,
6555355,ر,,3,
66634,ل,,1,
4222,ا,,2,
667654,ل,,2,
3754454034576,و,,3,
654464,ق,,1,
6433443254,ه,,2,
655554444,ر,,3,
2342644244,ه,,1,
143-31533,ي,,2,
3445701655552176,و,,3,
644234+03,د,,1,
2,ا,,2,
54+400123,ن,,3,
23+5664,ف,,1,
43224+654,ف,,2,
42224,ا,,2,
5247755444401,ی,,2,
543553465443426,س,,3,
6454443,س,,1,
3564,م,,2,
4-354,ب,,2,
6554043,ر,,3,
5431,م,,1,
403456-,ي,,2,
4364,م,,2,
364-,ب,,2,
65543,ر,,3,
543+76365542,ف,,1,
7553544400204,ر,,2,
0071712723,ت,,2,
5561445457176744,ک,,2,
5554534350372,و,,2,
1+71+3,ه,,3,
4-373,ب,,1,
2227,ا,,2,
6-01222,ي,,2,
55545477666,ک,,2,
44450544-44256,ي,,3,
54547666,ک,,1,
44535,م,,2,
352457715444,و,,2,
375446,د,,2,
55614-4436,ي,,3,
53534-440,ج,,1,
31106222,ا,,2,
53431+055,ڠ,,2,
33644433+263,ن,,3,
6-553,ب,,1,
37544,ر,,2,
55555566661,ک,,2,
5435435443454543,س,,2,
2547555445,ر,,3,
6026506444356,ل,,1,
36224,ا,,2,
465453543432,و,,2,
030234+523,ة,,3,
54364443,ف,,1,
7322337,ل,,2,
14332665,د,,2,
7656156456766,م,,3,
7656156456766,ت,,1,
66544,ر,,2,
662541,ل,,2,
433227,ا,,2,
66543,ل,,2,
346075544440,و,,3,
3644,د,,1,
762565,ل,,2,
246456,م,,3,
2262,ا,,1,
6365444543173,و,,2,
473554,م,,2,
40135-44,ب,,2,
222223,ا,,2,
57656,ء,,2,
65443+,ڽ,,3,
45471,م,,1,
444570677744,ح,,2,
436-334,ي,,2,
764440222226,ط,,3,
414+5606553,ف,,1,
42264423,د,,2,
231155453442,س,,1,
411121211512,ک,,2,
002223226,ل,,2,
4424-342,ي,,2,
654434334,ن,,3,
5442320403,ع,,1,
322332,ا,,2,
6762645,ل,,2,
525235560,م,,3,
5-3027,ب,,1,
22222,ا,,2,
65-544,ي,,2,
27545033567+,ق,,2,
666654,ل,,2,
43335,ه,,3,
3754547,د,,0,
555555534,س,,1,
4+64403,ن,,2,
322223,ا,,3,
75441406,ر,,1,
616465544425,و,,2,
54443554,س,,2,
4223,ا,,2,
56516,ء,,3,
76514+44+7,د,,1,
2,ا,,2,
754+44476,ن,,3,
6665064654224,ک,,1,
42222206,ا,,2,
6663504440,ر,,2,
645246674,م,,3,
415-3533,ب,,1,
32223232,ا,,2,
65-3364,ي,,2,
45735,ء,,2,
323235,ل,,2,
453532411,ه,,3,
2222,ا,,1,
2644-32,ي,,2,
334+6764,ڠ,,2,
403222224,ا,,2,
653+714+,ت,,2,
5-444326,ي,,3,
523364535,س,,1,
44-4-22,ي,,2,
557-33134,ڠ,,3,
3375454+3,د,,1,
22,ا,,2,
654+4040+6,ن,,3,
3476444,م,,1,
42222205,ا,,2,
665245,ل,,2,
5456+64536,م,,3,
22,ا,,1,
4-33,ي,,2,
2243+46,ڠ,,2,
54222,ا,,2,
54+64,ت,,2,
44-45,ي,,3,
2643643643,س,,1,
435133534,ڠ,,2,
522310+1111142146,ک,,2,
3353457005541440323,و,,2,
03135,ه,,3,
6536436,س,,1,
64-4324,ي,,2,
1434+677655,ڠ,,3,
7254+7,د,,1,
22,ا,,2,
75153453+76,ن,,3,
31355744,م,,1,
42222,ا,,2,
6762554,ل,,2,
4543456-307,م,,3,
763644+40,ل,,1,
32,ا,,2,
57352276554443433,و,,2,
3+5560123,ة,,3,
3754446,د,,1,
75415446,ر,,2,
654354,س,,3,
6-55,ب,,1,
333554,ر,,2,
2+54,ت,,2,
4434,م,,2,
34-433,ب,,2,
35746,ه,,3,
5762555357,د,,1,
6703664,ل,,2,
46464415+6,م,,3,
6666,ا,,1,
44613+654,ڠ,,2,
54-423,ي,,2,
34272+055,ن,,2,
555353147543,ث,,3,
335+77554,ف,,1,
65523420445,و,,2,
64413+7,ن,,3,
555546777654,ک,,1,
447755444443,ر,,2,
654355535474035427,س,,3,
22,ا,,1,
4607075234444407,و,,2,
464453,م,,2,
34-4240,ب,,2,
32232365,ا,,2,
42742420,ء,,2,
51424+4363,ث,,3,
673554547,ر,,1,
22,ا,,2,
45+64,ن,,2,
7245-45,چ,,2,
463465706677,م,,3,
2414+55,ت,,1,
576435,م,,2,
33544-235,ب,,2,
5322222427,ا,,2,
5354322+70,ڠ,,2,
567753633732,ی,,3,
56710655555+,ف,,1,
5552037,ر,,2,
222,ا,,2,
2353467740,ه,,2,
44642420545,و,,3,
535-414403117,ج,,1,
72223226,ا,,2,
611+0,ڠ,,2,
54433322+,ن,,3,
36543,ت,,1,
3434414344,ڠ,,2,
4321,ک,,2,
33322,ا,,2,
666653,ل,,2,
6433566630,م,,3,
535423474540-,ج,,1,
136441142,ک,,2,
740322226,ل,,2,
445375555,و,,3,
222,ا,,1,
3754+6,د,,3,
22,ا,,1,
644-,ي,,2,
3033+5,ڠ,,2,
4403222,ا,,2,
5+65,ت,,2,
-4326,ي,,3,
5555547673665,س,,1,
60001701700,ڠ,,2,
017727022,ک,,2,
231346555544032,و,,2,
21135652,ه,,3,
22262,ا,,1,
2535313+,ڠ,,2,
565-33,ي,,2,
42+6201,ن,,3,
555454636666665,ک,,1,
6755444,ر,,2,
653474552314440435,س,,3,
3575,م,,1,
3244+53,ن,,2,
4740-07037,ج,,2,
32222,ا,,2,
635423,د,,2,
635-44325,ي,,3,
433712+,ت,,1,
222232,ا,,2,
365556,د,,2,
5475444444203,و,,2,
653214,ه,,3,
2+56,ت,,1,
54354,م,,2,
4-43,ب,,2,
22622,ا,,2,
24134241054415424,ه,,2,
43421+510,ن,,3,
65353553,ت,,1,
535343+,ت,,1,
464454544431,ف,,2,
45555665335315,س,,1,
54-4-33444,ي,,2,
40022223,ل,,2,
124347,ا,,2,
65-53,ب,,2,
34356-00065556,و,,3,
614435-3,ي,,1,
34255663313+512276,ڠ,,3,
4535-344244,چ,,1,
4362223236,ا,,2,
6-4364,ب,,2,
4317554,و,,2,
3575616617,ه,,3,
642442444,س,,1,
34+122252,ل,,2,
222,ا,,2,
5315532,م,,2,
2+554,ة,,3,
22,ا,,1,
3607014+,ڠ,,2,
55566665,ک,,2,
454043235421,و,,3,
555455766263153,ک,,1,
420+63475,ف,,2,
534431457535545,و,,2,
666464347,ل,,2,
405544654744536,و,,3,
6447,ب,,1,
05555554,ر,,2,
7763674644,ل,,2,
3441223376,ا,,2,
54364,ب,,2,
75544443033145,و,,2,
34606035,ه,,3,
66551665143,ک,,1,
20322226,ا,,2,
765255+47,ر,,2,
6222,ا,,2,
43443775443+,ڠ,,2,
7020+7,ن,,3,
6626,ا,,1,
254+43,ن,,2,
6555-43,ي,,3,
54354344,س,,1,
23577544+44,و,,2,
22,ا,,2,
6533+,ت,,2,
475775545440,و,,3,
36355705454,م,,1,
35254437326,د,,2,
456016,ه,,3,
42033565,م,,1,
3531133+467,ڠ,,2,
55473222227,ا,,2,
6716605557,ر,,2,
22226,ا,,2,
4000014321+,ڠ,,2,
5555747665,ک,,2,
74+753,ن,,3,
257435535-3154,س,,1,
423541555,ع,,2,
3345-,ي,,2,
54317075,ر,,3,
3+46,ت,,1,
50643,م,,2,
2+13+,ف,,2,
543+52,ة,,3,
65-43,ب,,1,
65445,ر,,2,
3+606543,ف,,2,
35+544,ن,,2,
2455543210,د,,2,
01345226,ه,,3,
7641447,د,,1,
345-6,ي,,2,
635666,م,,3,
37557,د,,0,
21,د,,1,
643+,ن,,2,
55-4,ي,,2,
422222,ا,,3,
605640010,ج,,1,mulai halaman 06
3336223366,ا,,2,
656044,ڠ,,2,
42+544,ن,,2,
336264,ل,,2,
3550,ه,,3,
666667157567565450,ط,,1,
0531435,م,,2,
23267,ا,,2,
7056756,ع,,2,
440170,ه,,3,
55555676433,ک,,1,
153447,د,,2,
22,ا,,2,percabangan dengan dal
666553,ل,,2,
5465066,م,,3,
677065,ق,,1,
44-574,ب,,2,
534467,و,,2,terputus
65551,ر,,3,
665405,ب,,1,
7555400,ر,,2,
002+007600,خ,,2,
76666540,ل,,2,
6243557  544430,و,,2,
23120+6,ة,,3,
5744754  105,س,,1,
6346  544,و,,2,
76565,د,,2,
7557,ه,,3,
22,ا,,1,hilang
676076754,ڤ,,2,
415-7,ب,,2,
40444,ي,,2,
25222264,ل,,2,
3323-77,ا,,3,
67666,ا,,1,
64764-534060,ي,,3,
55555,س,,1,
2022,ا,,2,
67757504,ڠ,,2,
3+55,ة,,3,
6677165076556  002,ط,,1,
5574  671,م,,2,
2236,ا,,2,
577504,ڠ,,2,
34+55,ة,,3,
,د,,0,hilang
7270077606575005,ه,,1,
0-1010,ي,,2,
66765740,ل,,2,
3514343+5774443,ڠ,,2,
36262311,ک,,2,
4456  317,ن,,3,
66666,ا,,1,
7022,ل,,2,
46666540,ل,,2,
355,ه,,3,
+75,ن,,1,
5474,م,,2,
2722626,ا,,2,
675544037,ث,,3,
7650,د,,1,
6776056006544,و,,2,
066440,ع,,2,
277220,ا,,3,
66653+05,ت,,1,
34-2,ي,,2,
7262,ا,,2,
77654,د,,2,
222,ا,,3,percabangan dengan dal
76651,د,,0,
7675765,ق,,1,
4354,ب,,2,
255357470755450,و,,2,
67116262,ل,,2,
5555666667,ک,,2,
554737  44443+07,ن,,3,
26,ا,,1,percabangan dengan lam
1026,ل,,2,
6675  +2,ل,,2,
433+55,ه,,3,
1111,س,,1,
656567  766507-06-4,ݢ,,2,
26260,ا,,2,
6664+50,ل,,3,
676475,ڤ,,1,
4-3,ي,,2,
+54,ن,,2,
+44+4,ت,,2,
430,ي,,2,
6220,ا,,3,
011075,م,,1,
564+,ن,,2,
744755775757430  0071,ج,,2,
722,ا,,2,
67550,د,,2,
55647,ي,,2,
6677655740,ل,,2,
37466,ه,,3,
666666,ا,,1,
5364507544-454444404023,ي,,3,
667776,ا,,1,
765775545447,و,,2,
115153,ر,,2,
536144+556667023,ڠ,,3,
564704  71,س,,1,
3535545630,م,,2,
22266,ا,,2,
757674,ع,,2,
4350,ه,,3,
555566664,ک,,1,
3+5434,ن,,2,
262655307,ل,,3,
7776550,د,,1,
65-45,ي,,2,
7555,ر,,2,
50-,ي,,2,
65340,م,,2,
46675554,و,,3,
67554,د,,1,
106,ي,,2,
66657-53+01,د,,2,
222,ا,,2,percabangan dengan dal
7766655,ل,,2,
3646557656777,م,,3,
5775675,ق,,1,
67-5,ب,,2,
54354670055,و,,2,
5553,ر,,3,
7665-34  0,ب,,1,
262,ا,,2,
67754,د,,2,
22,ا,,2,percabangan dengan nun
670744+437,ن,,3,
6555,س,,1,
3174+76550,ۏ,,2,56765 hamzah pada wau
55653027,ر,,2,
4543240  567001,ڠ,,3,
36456576713+1004175,ه,,1,
307220,ا,,2,
56765,ث,,3,dibaca NYA/ ti
76555363+,ت,,1,
75554,ر,,2,
0211777576060,ه,,2,
0756475+,ن,,2,
6-447740-0117,ج,,2,
35354650755,و,,2,
5553,ر,,3,
7655410,د,,1,
0660554,ڠ,,2,
644336,ن,,3,tidak titik nun
654054447,س,,1,
4044-27,ي,,2,
272,ا,,2,
65+576760040432,ڤ,,3,
,ل,,1,
,ا,,2,
36767066544,و,,2,
227,ا,,2,percabangan dengan wawu
675413+070,ن,,3,karena titik di nun diatas jadi dirubah +
66556340,ب,,1,titik pada ba' tidak ada 
77555455,ر,,2,
1055,ت,,2,
067+574066  54446560,و,,2,+ harusnya berada pada ta'
6+554,ت,,2,titik satunya berada di atas wau
363+66375755554,و,,2,
6651544,ر,,3,
7767514,د,,0,
6665-44127,ب,,1,
223660,ا,,2,
2666553,ل,,2,
5-5644+10+0,ک,,3,
6757544307,ڤ,,1,
22,ا,,2,hilang
60770554,ڤ,,2,
65534070,ن,,3,
645-30-27,ب,,1,
226,ا,,2,
76550,د,,2,
626,ا,,2,percabangan dengan dal dan nun
66553+470,ن,,3,
665504+,ت,,1,
54443,ر,,2,
654313154,س,,2,
363557755,و,,2,
0201+777,ڠ,,2,
1551766665170,ک,,2,
6335570555,و,,2,
5555+,ر,,3,
7756410,د,,1,
66-55-,ي,,2,
406467476167,م,,3,
76550,د,,0,
776551,د,,1,
67766551,و,,2,
66543+,ن,,2,
554-,ي,,2,
322,ا,,3,
67655335-,ب,,1,
726227,ا,,2,
64-3,ي,,2,
423+6643,ق,,2,
252327,ل,,2,
440,ه,,3,
57656044,م,,1,
272720,ا,,2,
06757055404,ت,,2,
5253+477505,ڠ,,3,terputus
6663375  5670,ک,,1,
62-66,ا,,3,
2,ء,,1,percabangan dengan alif
0+706555,خ,,2,
42-45,ي,,2,- karena titik ya' dibawah
36  6601,ر,,2,
3+56,ة,,3,ta' marbutho tidak sempurna karena tergabung dengan ro'
5-75364,ج,,1,
45355460717655,و,,3,
4+5,ت,,1,
67404,م,,2,
24253+64,ڤ,,2,
+4575,ة,,3,
5-541-,ب,,1,
5655,ر,,2,
765515,ڤ,,2,
3344754540,و,,2,
6666544,ل,,2,
234+57765666670,ڠ,,3,
0477-75404,ج,,1,
2226,ا,,2,
4+557405470,ڠ,,2,
543+5433360,ن,,3,
77655,د,,1,
15556666655,ک,,2,
30543,س,,2,
544-57-,ي,,2,
4543523565,ه,,2,
757760553+42660,ي,,3,
22,ا,,1,percabangan dengan ya'
764043,م,,2,
544545755442367,س,,3,
755,د,,1,
226,ا,,2,percabangan dengan dal dan nun
6453+7,ن,,3,
66666,ا,,1,
1677565065454,و,,2,
721+0+57005555+5677701,ڠ,,3,
66666,ا,,1,
77665-640,ي,,2,
354+,ت,,2,titik pada ta' nya disesuaikan dengan graph
436477555,و,,2,
2666664,ل,,2,
4575,ه,,3,
67375,م,,1,
,م,,2,hilang dan terputus
,ب,,2,
,ا,,2,
7107507607066554440,و,,2,
55676,ء,,3,
70-0-2,ب,,1,
6722,ا,,2,
77514,د,,2,
222,ا,,2,percabangan dengan dal
6641443+07,ن,,3,
665553+06,ت,,1,
5555,ر,,2,
6553,ب,,2,
5346770755,و,,2,
22,ا,,2,percabangan dengan ghain
3027051556,ڠ,,3,terputus
766555,ت,,1,
3643657705440,و,,2,
+544,ن,,2,+ disesuaikan dari graph
54+13,ت,,2,
36447555443+070,و,,2,
5771,ة,,3,
0027060,ع,,1,
6666575,ل,,2,
3545550  666,م,,3,
6-476440-  117,ج,,1,
2272266,ا,,2,
0665704,ڠ,,2,
655554444444037,ن,,3,
15551766760653,ک,,1,
2343+5654444,ڤ,,2,
72222377,ا,,2,
6667065554,ل,,2,
6344+5456  5566,ڠ,,3,
35637504,د,,1,
76655,ي,,3,
00-126,د,,1,
222,ا,,2,percabangan dengan dal
665,ل,,2,
554366760707,م,,3,
677565445,ق,,1,
5445,ب,,2,
535357755   ,و,,2,
55565,ر,,3,
5560,ت,,1,
554,ر,,2,
7-0-10356,ب,,2,
42676666,ا,,2,
654,ر,,2,
565-35,ي,,2,
3464+577-071,ڠ,,3,terputus
6444,س,,1,
453+557755,ۏ,,2,
55503534575,س,,2,
35244755,ۏ,,2,55576 hamzah pada wau
776651440,ر,,2,
506767045515566770105,ڠ,,3,
0106,م,,1,
701+01,ن,,2,
5555556666,ک,,2,
475,ر,,2,ro' nya terputus
57756755,و,,2,
6654+4100,ن,,3,
067671765544,و,,0,
602   ,ن,,1,angka anotasinya ada ditengah
55-5-555766,ک,,2,
75-43645,ي,,2,
76555,ر,,3,
555+56665641,ک,,1,
53543,س,,2,
5+44330,ن,,2,
26230,ا,,3,
76565466,د,,1,
2,ا,,2,percabangan dengan ta'
4+7  105,ت,,2,
+6677074  61,ڠ,,3,
10177570,م,,1,
7015700,ن,,2,titik pada nun berada di kaf
0-0-00,ي,,2,
666,ا,,2,
5545364666,ک,,2,
4435670,ن,,3,titik pada nun tidak ada
66666,ا,,1,
0101+76705,ڠ,,2,
555555576765740,ک,,2,titik kaf ada di wau
634365707  554,و,,3,
222,ا,,1,percabangan dengan wau
66550,د,,2,
2,ا,,3,percabangan dengan dal
010001160,س,,1,
760106177,م,,2,
517-,ب,,2,
42554243466647,ه,,2,
35-4,ي,,2,
4324565,ڠ,,3,
6010020711,ج,,1,
6565475  65+55,ک,,2,
225,ل,,2,
4036457,و,,3,
53+,ت,,1,
55-427-,ي,,2,
272,ا,,2,
,د,,2,hilang
,ا,,3,
6010020711,س,,1,
65+5+5555666656,ک,,2,
4035-47-,ي,,2,
6555,ر,,2,
2,ا,,3,percabangan ro'
765550,د,,0,
60767-7057440-,ج,,1,
03326270,ا,,2,
067076454,و,,2,
22,ا,,2,percabangan wau
56436775,ب,,3,
6755313+,ت,,1,
54675555,و,,2,
12+7760,ڠ,,2,
5555076766666500,ک,,2,
3454+4,ت,,2,
5744+44307,ث,,3,
666655400,ل,,1,
672,ا,,2,percabangan dengan kaf'
55666645,ک,,2,
3+75+,ة,,3,
66553+0,ت,,1,
5-44207,ي,,2,
222+7+,ا,,2,
77554,د,,3,
6503+5,ت,,1,
654,ر,,2,
6067766160,ه,,2,
45-1454,ي,,2,
4404,س,,2,
0440,ب,,3,
057,ت,,1,
74377,م,,2,
5-44020,ب,,2,
221,ا,,2,
6505+5440,ه,,2,
0670660605430,ن,,3,
1726,ب,,1,
57675  1555410,ر,,2,
67606544,ڤ,,3,
65444,س,,1,mulai halaman 07
4354-4,ي,,2,
1414335  302+7,ق,,2,percabangan ada di awal dan akhir
24445254434302,س,,3,
13634,د,,1,
22,ا,,2,
652444+3,ن,,3,
4443204,ع,,1,
323,ا,,2,
013+,ذ,,2,
,ا,,2,di graph ada tapi di anotasi tidak ada
7-544437,ب,,3,
42420442,ع,,1,
3+5354  2+1+3,ق,,2,percabangan ada di awal dan akhir
345  222,ل,,2,percabangan ada di awal dan akhir
643606,م,,3,
,ا,,1,di graph ada tapi di anotasi tidak ada
646-,ي,,2,
5+444030,ت,,3,
34364734,ه,,1,
5-433,ي,,2,
5223,ل,,2,
,ڠ,,3,hilang
,د,,1,hilang
,ا,,2,di graph ada tapi di anotasi tidak ada
6544444+7,ن,,3,
63463665431,ل,,1,
444-5,ي,,2,
35355532034+5,ف,,3,
23675043  54,م,,1,percabangan ada di awal dan akhir
41+434,ن,,2,
22434  2231011,ک,,2,percabangan ada di awal dan akhir
63554,ر,,2,
01324364,و,,2,
7544+437,ن,,3,
7576354435,و,,0,
001,ن,,1,titiknya ikut di kaf
5-55526266540,ک,,2,garis - titiknya nun
3547-,ي,,2,
5555,ر,,3,
,ا,,1,di graph ada tapi di anotasi tidak ada
,ي,,2,terputus
0+0052,ت,,3,
+54,ب,,1,
63467,و,,2,"terputus, Cuma ada bundarannya saja"
55515566544,ک,,2,
524444,ن,,3,titiknya ikut di kaf
5-555616,ک,,1,garis - titiknya nun
,ف,,2,terputus dari kaf jadinya di graph ada tapi di anotasi tidak ada
,ا,,2,
6654,ل,,2,
34532+03,ڠ,,3,tidak ada lengkungan bawahnya
544443,س,,1,
5350655,و,,2,
,ر,,2,tidak jelas tulisannya
,ا,,2,
,ث,,3,
2534467455334,م,,1,
7255352555,ر,,2,
323426,ا,,2,
,س,,2,di graph ada tapi di anotasi tidak ada
,ک,,3,
6454+,ت,,1,
654540,ر,,2,
7262650,ل,,2,
,ا,,2,di graph ada tapi di anotasi tidak ada
665,ل,,2,
4555514347,و,,3,
657535  77412,ݢ,,1,percabangan ada di awal dan akhir
22,ا,,2,
012,ر,,2,
+6215567731305,ڠ,,3,
654,ت,,1,titiknya ikut di wawu
453551+7,و,,2,tanda + titiknya ta
,ڠ,,2,terpotong hurufnya tidak terlihat jelas
5556437544576667,ک,,2,
5353+,ت,,2,
5554+44437,ث,,3,dibaca NYA
5-43,ب,,1,
54543544354,س,,2,
555,ر,,3,
,ت,,1,terpotong hurufnya tidak terlihat jelas
0112,ر,,2,
665,ل,,2,
,ا,,2,di graph ada tapi di anotasi tidak ada
7254,ل,,2,
634675444,و,,3,
33+42656055333,ف,,1,
414+,ن,,2,
57353540-07124,ج,,2,
532455320+5567001,ڠ,,3,
4353215-3515034,ج,,1,
3222,ا,,2,
125444242420,و,,2,
432+4144,ڠ,,2,
+54434325,ث,,3,dibaca NYA
25-34,ب,,1,
323,ا,,2,
,ي,,2,hilang
,ق,,3,
,ت,,1,
0-40,ي,,2,
6663  2,ا,,2,percabangan ada di awal dan akhir
7527,د,,2,
,ا,,3,di graph ada tapi di anotasi tidak ada
543+,ت,,1,
652444,ر,,2,
54,ب,,2,titiknya hilang
44-4,ي,,2,
523274,ل,,2,
353557303+4,ڠ,,3,
5566644,ک,,1,
4+53,ن,,2,
622653,ل,,3,
,د,,1,di graph ada tapi di anotasi tidak ada
645-4,ي,,2,
654+4,ر,,2,tanda + titiknya ya
025-27160,ي,,2,
345734745,م,,2,
54016535444031315,و,,3,
11201012352406,ه,,1,
74-332,ی,,3,
62,ا,,1,
751353+,ن,,2,
55554+454364+67,ق,,3,
7646,د,,1,
55155762654,ݢ,,2,
352566673031134+53,ڠ,,3,
7554546,د,,0,
,ب,,1,hilang
667,ا,,2,
66654,ل,,2,
,ء,,3,tidak jelas hurufnya
2353+644,ف,,1,
32222,ا,,2,
633+4,ف,,2,terputus
,ن,,3,
3553+,ت,,1,
54-3,ي,,2,
35453,د,,2,
1253425,و,,2,
55553,ر,,3,
345564043545,م,,1,terputus
,ي,,2,
3414  222,ل,,2,percabangan ada di awal dan akhir
3+544,ن,,2,
+54,ت,,2,
343313+05,ڠ,,3,"terputus, Cuma ada bundarannya saja"
002127,د,,1,
626,ا,,2,
4422+4135,ڠ,,2,
244+44727,ن,,3,
6444,س,,1,
44,ي,,2,tidak ada titiknya
322,ا,,2,
6555454364+605,ف,,3,
763765,ل,,1,
,ا,,2,di graph ada tapi di anotasi tidak ada
76625555435,و,,2,
,ا,,2,di graph ada tapi di anotasi tidak ada
644+44,ن,,3,
6556310,ب,,1,
53455454,ر,,2,
64,ب,,2,tidak ada titiknya
5433,ي,,2,tidak ada titiknya
4+44,ن,,2,
656305-7444,ج,,2,
43534+77556,ڠ,,3,
666146  70052633,ک,,1,percabangan ada di awal dan akhir
255  22,ل,,2,percabangan ada di awal dan akhir
36452,م,,3,
0227,د,,1,
,ا,,2,di graph ada tapi di anotasi tidak ada
65444+,ن,,3,
0223,د,,1,
43,ي,,2,tidak ada titiknya
324544443  3+43,ڠ,,2,percabangan ada di awal dan akhir
24631,ي,,2,tidak ada titiknya
544,ن,,3,terpotong hurufnya
75-,ب,,1,
52543252173560,و,,2,
5554557665543,ک,,2,
7544437,ن,,3,titiknya ikut di kaf
5-565666533,ک,,1,tanda - titiknya nun
35+2420,ف,,2,
2226,ا,,2,
6654,ل,,2,
,ڠ,,3,hilang
5571555566666563,ک,,1,
6504453+,ت,,2,
5323535572105,ه,,2,
463535755,و,,2,
56544-4,ي,,3,
,ا,,1,di graph ada tapi di anotasi tidak ada
,و,,2,terputus
66524,ل,,2,
5431404  2352,ه,,2,
746751,م,,3,
55555453,س,,1,
623256  67142,ک,,2,
3623,ا,,2,
66363,ل,,3,terputus
,ا,,1,di graph ada tapi di anotasi tidak ada
56432365444,و,,2,
5553,ر,,2,
4432+55,ڠ,,3,
-454,ي,,1,
342556303+4,ڠ,,3,
65-4,ب,,1,
3655447,و,,3,
664343,ب,,1,tidak ada titiknya
63654,د,,2,
+345,ي,,2,
756144,م,,2,
222,ا,,2,
654+4,ن,,3,
3421543,ع,,1,
255  22,ل,,2,percabangan ada di awal dan akhir
36346126,م,,3,
764446,د,,1,
,ا,,2,di graph ada tapi di anotasi tidak ada
6+7714013,ن,,3,
443524  217,ع,,1,percabangan ada di awal dan akhir
5474603,م,,2,
6226,ل,,3,terputus
354747-4045,ج,,1,
355445,و,,2,
6202375422,ک,,2,
72667,ا,,3,
55514  567545,ک,,1,percabangan ada di awal dan akhir
365454,ر,,2,
36-46405,ج,,2,
,ا,,2,bergabung graph nya
,ک,,2,
3753444344333,ن,,3,
55566653,ک,,1,
24143+,ن,,2,
65443433333,ل,,3,
023,د,,1,
545-,ي,,2,
355454,ر,,2,
6226610313,م,,3,
7565534536,د,,0,
254,ب,,1,tidak ada titiknya
2223,ا,,2,
,ل,,2,terputus
,ء,,3,tidak jelas hurufnya
2353+6544343,ف,,1,
26222,ا,,2,
24223+34444,ف,,2,
65443+433,ن,,3,
254+,ت,,1,
5-4434,ي,,2,
2232,ا,,2,
,د,,2,tergabung
,ا,,3,
755-453,ب,,1,
76554,ر,,2,
,ا,,2,di graph ada tapi di anotasi tidak ada
,و,,2,terputus
736423,ل,,2,
544-,ي,,2,
35,ه,,3,
23540,م,,1,
5-43,ي,,2,
543+,ن,,2,
6434655,و,,2,
7534165,م,,3,
72544,د,,1,
,ا,,2,di graph ada tapi di anotasi tidak ada
75444+0,ن,,3,
002024,م,,1,
666,ا,,2,
,ک,,2,terputus
,ن,,3,
66266553,ل,,1,
,ا,,2,
776473545,ف,,2,
36554,ر,,3,
,د,,1,
,ا,,2,
764543+04,ن,,3,
6513543,د,,1,
2555557,ر,,2,
23456357454  0055,ه,,2,percabangan ada di awal dan akhir
4-2324257-2  2222,ݢ,,2,
3122,ا,,3,
1223,د,,0,
745443543,س,,1,
544+44,ن,,2,
222,ا,,3,
2544443,س,,1,
226,ا,,2,
4434524  0,ڠ,,2,percabangan ada di awal dan akhir
3+5,ة,,3,
63554404  353,ف,,1,percabangan ada di awal dan akhir
3222,ا,,2,
,ن,,2,terputus
54343253655444440,س,,3,
013,د,,1,
,ا,,2,di graph ada tapi di anotasi tidak ada
544444444473,ن,,3,tidak ada titiknya
7464242434  024,م,,0,percabangan ada di awal dan akhir
-144,ي,,1,
3452303243+556000,ڠ,,3,
73753553+,ت,,1,
7755544,ر,,2,
63654152,ل,,2,
,ا,,2,di graph ada tapi di anotasi tidak ada
655245,ل,,2,
643466,و,,3,terputus
23544121426543  074,ه,,1,percabangan ada di awal dan akhir
272226,ا,,2,
4242543  2+0,ڠ,,2,percabangan ada di awal dan akhir
2+341,ة,,3,
535-464044,ج,,1,
,ک,,2,terputus
6224,ل,,2,
3636554246,و,,3,
626,ا,,1,
013,د,,2,
,ا,,3,di graph ada tapi di anotasi tidak ada
533245,م,,1,
656543,م,,2,
5-44437,ب,,2,
2262,ا,,2,
7653544,و,,3,
,ء,,0,hilang
4335443  20,ع,,1,percabangan ada di awal dan akhir
45-4,ب,,2,
2022,ا,,2,
1323,د,,2,
,ا,,2,hilang
6554404443+7,ت,,3,
747-53,ب,,1,
5355555314,ر,,2,
22222,ا,,2,
23243635707544,و,,2,
763631,ل,,2,
4534056,ي,,3,
34532444,م,,1,
341431340325242,ک,,2,
26262,ا,,2,
643+5,ن,,2,
254443+7,ن,,3,
455555166,س,,1,
572743,م,,2,
24521+744,ف,,2,
75544,ر,,2,
54434,ن,,2,tidak ada titik
222,ا,,3,
543,ن,,1,titiknya ikut di ain
24522011+334,ع,,2,tanda + titiknya nun
6530,م,,2,
544+40,ت,,3,
26-427  55,ب,,1,percabangan ada di awal dan akhir
22,ا,,2,
,ي,,2,di graph ada tapi di anotasi tidak ada
,ء,,2,
,ل,,2,
,ه,,3,
,ا,,1,di graph ada tapi di anotasi tidak ada
24-433,ي,,2,
43123+5665443,ڠ,,2,
44034+32,ت,,3,
72531547,د,,1,
65544,ي,,2,titik pada ya' berada di dal
766454,ر,,2,
67375-54-40-35,ي,,3,
6666,ا,,1,
555-155666614314,ک,,2,
6355444+43+5,ن,,3,
544236454,م,,1,
2273,ا,,2,
6554+7,ت,,2,
64-4-44-32,ي,,3,
45-425443,ج,,1,
4322,ا,,2,
4531644,ڠ,,2,
4+544,ن,,2,
326,ل,,2,
543,ه,,3,
54432+,ت,,1,
4531+33+523,ق,,2,
54341424  1075,ص,,2,
314-301,ي,,2,
5655,ر,,3,
-453,ب,,1,
655515,ر,,2,
65741+76,ب,,2,
54242055443,و,,2,
3475,ة,,3,
5-36-4,ب,,1,mulai halaman 08 (djikstra)
4365363+5667570354437,ق,,2,
35+54,ت,,2,
675347,ي,,3,
1515677565753,ک,,1,
5337654,د,,2,
22,ا,,2,percabangan dengan dal
776656405,ل,,2,
47655756,م,,3,
7664,ق,,1,
354,ب,,2,tidak ada titik pada ba'
364675551,و,,2,
555555346,ر,,3,
0,ت,,1,
0171+6,م,,2,
5+7657,ف,,2,
4404+447,ت,,3,
5+50,ت,,1,
65440,ر,,2,
07-75-04-44,ج,,2,
3272,ا,,2,
6667755,ل,,2,
44-0230-67-,ي,,3,
7664,د,,0,
50577557156640  70,ه,,1,
4341,ن,,2,tidak ada titik pada nun
3+546,ت,,2,
554450,ر,,2,
5556645,ک,,2,
5+0447,ن,,3,
26,ا,,1,percabangan dengan wau
760657075554,و,,2,
555551555207,ر,,2,
677506,ڠ,,3,terputus
644-,ب,,1,
27226,ا,,2,
7765,د,,2,
2,ا,,2,percabangan dengaan nun
7544300,ن,,3,tidak ada titik pada nun
1555,س,,1,
4+444,ن,,2,
325644300,د,,2,
255-6341,ي,,2,
76555,ر,,2,
655-300,ي,,3,
5775675544400,و,,1,
222,ا,,2,percabangan dengan wau
567544-37-,ي,,3,
766574,م,,1,
5435466765104500,و,,2,
,د,,2,
,ا,,3,
,ک,,1,
,ن,,2,
,ل,,3,
775640,د,,1,
56455-70-4,ي,,2,
1151155,ر,,2,
,ي,,2,
,م,,2,
,و,,3,
67560,د,,0,
65-1327,ب,,1,
2720,ا,,2,
666543,ل,,2,
5644-3470-,ي,,2,
226,ء,,3,percabangan hamzah pada ya'
775776544,ڤ,,1,
332627,ا,,2,
767576415,ڤ,,2,
3544271,ن,,3,tidak ada titik pada nun
1,ت,,1,angka nya tergabung dengan mim
4001017,م,,2,
76756640,ڤ,,2,
354+45,ت,,3,
76454+0,ت,,1,
4432244,ي,,2,tidak ada titik pada ya'
6530,د,,2,
067075535440,و,,2,
55554,ر,,2,
57656,م,,2,
3053670554,و,,3,
76550,د,,1,
56534364,س,,2,
43+6444,ن,,2,
22722,ا,,2,
2666654,ل,,2,
3117,ه,,3,
500575067057074707575  7050,ه,,1,
574-,ي,,2,
433463354,ل,,2,
34424+7655700,ڠ,,3,
70107175600,ع,,1,
67706506404,ق,,2,
335266  544277,ل,,3,
6-6415,ب,,1,
35456777551,و,,2,
77641,د,,2,
57656-,ي,,2,
54,م,,2,
4255357554,و,,3,
60-10,ب,,1,
57474677-,ب,,2,
6555+5,ر,,2,
22,ا,,2,
6771757765444300,ف,,3,
70106,ت,,1,
0132+727+,ڠ,,2,
555667665057,ک,,2,
532446  55,و,,2,
4654067,ڠ,,2,
765443+7,ن,,3,
46640343,ع,,1,
337554+477,ذ,,2,
22,ا,,2,
5-347,ب,,3,
6666,ا,,1,
5643+41,ت,,2,
40454,س,,2,
64704066,م,,3,
766400,د,,1,
117-75-,ي,,2,
37374547,د,,2,
,ا,,2,hilang
667664,ل,,2,
54546406,م,,3,
77654,ق,,1,
1474,ب,,2,titik pada ba' tidak ada
57357055,و,,2,
55555307,ر,,3,
5555,س,,1,
322,ا,,2,
467475,ڠ,,2,
53+54,ت,,2,
344227641,ل,,2,
33550,ه,,3,
553154474,س,,1,
6436446544,و,,2,
64450355,س,,2,
4355,ه,,2,
65444400,ر,,1,
64434145,س,,2,
30272,ا,,2,
663+170,ث,,3,
7656405,ب,,1,
2272276,ا,,2,
775650,د,,2,
6666,ا,,2,
67706153534+5477,ن,,3,
564750,ب,,1,
7327226,ا,,2,
16221011,ک,,2,
-00172,ي,,2,
5555666640,ک,,2,
454677544+4307,ن,,3,
66164564  67,ب,,1,
272622,ا,,2,
636666,ل,,2,
45305,ه,,3,
22,ا,,1,percabangan dengan ya'
34576,ف,,2,
560776644-0+30-,ي,,3,
670655,ف,,1,
55335567755,و,,2,
564+070,ن,,3,
766540,د,,1,
22,ا,,2,percabangan dengan dal
17103+56,ت,,2,
3+76676075-1  542,ڠ,,3,
700001000106,س,,1,
7675645,ف,,2,
5555532,ر,,2,
5775,ة,,3,
7766554154,ر,,1,
37557560755450,و,,2,
75660,م,,2,
535,ه,,3,
001775,م,,1,
700+000,ن,,2,
017103634565,ڠ,,2,
555507766574,ک,,2,
36343+667765  544,ف,,3,
5-6431,ب,,1,
6220,ا,,2,
76550,د,,2,
22,ا,,2,percabangan dengan dal
66+5530620,ن,,3,
5653+0,ت,,1,
75544471,ر,,2,
6645  5400,ل,,2,
63676,ا,,2,
666566,ل,,2,
42053575054,و,,3,
101677,ع,,1,
266+4400  0020370,ظ,,2,
37565,م,,2,
445700,ه,,3,
2,ا,,1,hilang
5-64314,ي,,2,
04+0344,ت,,2,
262,ل,,2,
400,ه,,3,
2,ا,,1,
1+775,ف,,2,
557-0,ي,,3,terputus
664-1434,ي,,1,
25533+5570756,ڠ,,3,terputus
,ا,,1,
,ک,,2,
34657443+00,ن,,3,
77654,د,,0,
00116,ت,,1,
'001031+7177+67500,ڠ,,2,
555566666630,ک,,2,
4535460757060  55,و,,2,
546757405470,ڠ,,2,
5443+7,ن,,3,
76550,د,,1,
-74,ي,,2,
644,م,,2,
43+447,ن,,2,
222260+,ا,,3,
66-41-35,ب,,1,
4364775440,و,,2,
66664,ل,,2,
-43544,ي,,2,
5705,ه,,3,
+76544,ت,,1,
101,م,,2,
+7655740,ف,,2,
3554+4  307,ت,,3,
6-655413,ب,,1,
7654444,ر,,2,
7001+05,ن,,2,
226266,ا,,2,
2706771605555,و,,2,
1+77057770555156,ڠ,,3,
7766411,د,,1,
50-501126,ي,,2,
77655  63457,د,,2,
226,ا,,2,
6666557,ل,,2,
36535675056167,م,,3,
7756511,د,,1,
607076614551,و,,2,
653+,ن,,2,
54-433,ي,,2,
272620,ا,,3,
0251-6-,ب,,1,
776  65550,ر,,2,
6574,ب,,2,
5633546570706505154453470,و,,2,
0660,ة,,3,
065-40,ب,,1,
364660555,و,,2,
750677560640  00,ه,,2,
24354+66005677000,ڠ,,3,
7665410,د,,1,
77-1026,ي,,3,
76565744,د,,1,
226,ا,,2,percabangan dengan dal
66554,ل,,2,
74365607561,م,,3,
06757665,ق,,1,
44-5,ب,,2,
52354667755,و,,2,
55550,ر,,3,
11775,ت,,1,
702027,م,,2,
766557047,ف,,2,
434153+5464634555  717601,ت,,3,
654+05,ت,,1,
753644400,ر,,2,
67766545,ف,,2,
336227,ا,,2,
535353,س,,2,
63357675440,و,,2,
64671,ڠ,,3,terputus
6-755-31-,ب,,1,
272730,ا,,2,
6544-,ي,,2,
0574034,ئ,,2,657766 hamzah pada ya'
262,ل,,2,
5431,ه,,3,
3+27,ف,,1,
00-1,ي,,2,
5555555767657,ک,,2,
4-335564,ي,,2,
76  5554,ر,,3,
70001115,س,,1,
6563537,ک,,2,
26676,ا,,2,
665520,ل,,3,
55564  0550670575500,ک,,1,
6262,ا,,2,
4343645765544,م,,2,
50674,و,,2,
22,ا,,3,percabangan dengan wu
6074,م,,1,
74347755554,ر,,2,
0+5-7443071216,ئ,,2,
555676657,ک,,2,
3545,ئ,,2,65660 hamzah pada ya'
444+0407,ت,,3,
76776560464,ف,,1,
7555444400,ر,,2,
57647  66701,م,,2,
633022,ا,,2,
6575524534+57,ن,,3,
621776,م,,1,
06706405035354,ڠ,,2,
722227,ا,,2,
675+54003+00,ت,,3,
65555541,س,,1,
507654,و,,2,
6550,د,,2,
05671,ه,,3,
6+5563+,ت,,1,
105544,ر,,2,
665544+,ت,,2,
031+40,ن,,2,
4543+,ت,,2,
4455676544400,و,,3,
5767474,م,,1,
543754571544,و,,2,
6553,ت,,2,
53+560755,و,,3,
2,ا,,1,percabangan dengan ta'
665435-46-,ي,,2,
4443+7,ت,,3,
67707505,ف,,,
4-035443,ب,,,
62226654523047,ل,,,
22,ا,,,gabung di lam
654+517544,ن,,,
+6403+70,ت,,,
75705717,م,,1,
57345577  570544,و,,2,
6453+,ت,,2,
643557544,و,,3,
1701136,س,,1,
57433+347544330,ف,,2,
27220,ا,,2,
645676064-04421757,ي,,3,
056640,م,,1,
434155474+745,ش,,2,
"4564734152577  0070705750
765640",ه,,2,
330262,ا,,2,
765640,د,,2,
7575,ه,,3,
55647  5760676701,ک,,1,
262,ا,,2,
36566750167,م,,3,
7676504,د,,1,
2561555547,س,,2,
4-354,ي,,2,
53+,ت,,2,
353557755440,و,,3,
5155566666641,ک,,1,
404+544,ت,,2,
376336605540 75770565574,ه,,2,
3553636 40,و,,2,
46675544-027-,ي,,3,
22,ا,,1,hilang
20176757756765440,و,,2,
66,ل,,2,
763535770507074044637600,ه,,2,
750566,م,,3,
555555553,س,,1,
,ک,,2,
,ا,,2,
666664527,ل,,3,
565-5303,ي,,1,
24354+557755557777000,ڠ,,3,
65-54034,ب,,1,
266450,د,,2,
546-,ي,,2,
5744,م,,2,
2022,ا,,2,
7665414403+7,ن,,3,
477-56730,ج,,1,
20220-0,ا,,3,
576157055507050353,ج,,1,mulai halaman 09 (bfs-djikstra)
2637,ا,,2,
6760575540,ڠ,,2,
7  543072,ن,,3,percabangannya terpecah
7766410,د,,0,
,ا,,1,di graph ada di anotasi tidak ada
600-35,ي,,2,
5545777676755,ک,,2,
53354706  5444307,و,,2,percabangannya terpecah
7+6771,ة,,3,
5775445,ف,,1,
7554+450,ر,,2,tanda + itu alif
,ا,,2,di graph ada di anotasi tidak ada
505756570,ڠ,,2,tidak ada titiknya
65544-0-37,ي,,3,
5555454,س,,1,
,,,2,tidak jelas huruf apa
6544+17,ن,,3,
,ا,,1,di graph ada di anotasi tidak ada
01130460,ع,,2,
5  434,ت,,2,tidak ada titik dan percabangannya terpecah
43162+77554443,ق,,2,
+341646,ت,,2,
70655544+440+0,ث,,3,dibaca NYA
65357754435345,س,,1,
2772,ا,,2,
,ل,,2,
,ه,,3,
1515556666554,ک,,1,
4202442+7730,ف,,2,
34356450,د,,2,
,ا,,3,hilang
56555453,س,,1,
2523255,ک,,2,
3525740433,ل,,2,
15-,ي,,2,
5360443+07,ن,,3,
554044,س,,1,
333+5754,ف,,2,
322,ا,,2,
55-75-54+1-0-,ي,,2,
,ا,,2,hilang
7554+07,ث,,3,
01106,س,,1,
0-0,ي,,2,
6071756157,ع,,2,
4343+57  55347,ي,,3,tanda + titiknya fa dan percabanganya terpecah
,ک,,1,
,ل,,2,
,ا,,2,
676065453427,و,,2,
2+11+7,ة,,3,
,س,,1,
,ل,,2,
,ي,,2,
,ن,,3,
766404+,ش,,1,
454-740,ي,,2,
23464526255  01660,ط,,2,percabangannya terpecah
2667,ا,,2,
76554+0277,ن,,3,
77675+50,د,,1,
,ا,,2,di graph nya ada tapi di anotasi tidak ada
766540442+77,ن,,3,
,ا,,1,di graph nya ada tapi di anotasi tidak ada
70-525,ب,,2,
66674044,ل,,2,
645-  353,ي,,2,percabangannya terpecah
5547544440277,س,,3,
5057570143,ح,,1,
5-4440,ي,,2,
2226,ا,,2,
765403+,ن,,2,
355,ة,,3,titiknya ikut lam
711111-,س,,1,titiknya ta
012706,ڠ,,2,
555+57766605,ݢ,,2,
34545355706  5444302,و,,2,percabangannya terpecah
217,ه,,3,
51154656566  ,ک,,1,tidak ketemu percabangannya
5656-4065,ي,,2,
543+431+60,ت,,3,
0-1111125,س,,1,kebanyakan angka 1 nya
66555746  5700012,ک,,2,percabangannya terpecah
62266754,ل,,2,
323556-36,ي,,2,
543356267,ن,,3,tidak ada titiknya
67407535767070540433,ه,,1,
64+44,ن,,2,
3650347,د,,2,
,ا,,2,di graph ada tapi di anotasi tidak ada
6+7570755440,ق,,3,
7655,د,,0,
645-7,ب,,1,
43465555,و,,2,
0106,ن,,2,tidak ada titiknya
5776706  5442,و,,2,percabangannya terpecah
3136,ه,,3,
0000300077501,ح,,1,
55555666664677,ک,,2,
,م,,2,hilang
444+  443,ث,,3,
,ل,,1,
,ا,,2,
501  6664,ک,,2,
43+1,ة,,3,
51-1166653,ک,,1,
5353+657,ف,,2,
43410,د,,2,huruf dal nya kurang jelas
,ا,,3,di graphnya ada tapi di anotasi tidak ada
01036,ت,,1,
467500607067  755454,و,,2,percabangannya ada di awal dan akhir
10566,ب,,2,
5776707  554443022,و,,2,
34006,ه,,3,
755346443,س,,1,
253+566534,ف,,2,
27-27-2,ا,,2,tanda - tidak diketahui 
5060765-444027,ي,,2,
,ا,,3,di graph ada tapi di anotasi tidak ada
57447307,م,,1,
222,ا,,2,
66553054440,س,,2,
345465+7654,ؤ,,3,
56153+4,ن,,1,
6644415440,ر,,2,
67,ا,,2,
155  4666555440,ک,,3,percabangannya ada di awal dan akhir
750-01,ي,,1,
577570755  5657700,ڠ,,3,percabangannya ada di awal dan akhir
6445,ت,,1,titiknya ikut wawu
3+6547554,و,,2,tanda + titiknya ta
74656-404  01,ج,,2,percabangannya terpecah
5334454607  54,و,,2,
7565,ه,,3,
56437-07,ب,,1,
227,ا,,2,
17-1217,ي,,2,
31340   1210371+77761767,ق,,2,percabangannya terpisah
2636665,ل,,2,di graph nya angka 6 Cuma 1
5354,ه,,3,
32226,ا,,1,
757-   116,ي,,2,percabangannya terpisah
605570576550,ڠ,,2,titiknya hilang
544400,ت,,3,titiknya hilang
15111,س,,1,
110177   40,ک,,2,percabangannya terpisah
66606    404-3,ل,,2,"tanda - titiknya ya, percabangannya terpisah"
24545,ي,,2,titiknya ikut lam
77545300,ن,,3,titiknya hilang
05766474,م,,1,
3754577547060555,و,,3,
,ا,,1,di graph ada tapi di anotasi tidak ada
02+271770,ع,,2,
1070,ت,,2,titiknya ikut 'ain
761776550744,ق,,2,
354432+4554,ت,,2,
7345+50+5650   00,ث,,3,percabangannya terpisah
5764606-75-70  0000,ج,,1,percabangannya ada di awal dan akhir
33262,ا,,2,
2017776050,ح,,2,
326556574400617665641667,ض,,3,tidak ada titiknya
15560666554303,ک,,1,
15252+5567444,ف,,2,
34365347,د,,3,
5555   6677550,ک,,1,percabangannya ada di awal dan akhir
6253026,ا,,2,
35364670556,م,,2,
50747  0545,و,,3,percabangannya ada di awal dan akhir
607606474   1,م,,1,percabangannya terpisah
43646  5554,و,,2,percabangannya terpisah
52543753+,ت,,2,
6537557060554,و,,3,
,ا,,1,di graph ada tapi di anotasi tidak ada
665-5405,ي,,2,
655443+43,ت,,3,
76+75+7654,ق,,1,
-4341430,ب,,2,
263655037,ل,,3,
,ا,,1,di graph ada tapi di anotasi tidak ada
6552+,ن,,2,
574443+07,ت,,3,
364657   0,م,,1,percabangannya ada di awal dan akhir
354363656004670554444,و,,2,0 nya tidak ada di gaph
56553+,ت,,2,
03675544,و,,3,
27226,س,,1,titik merahnya dari tengah
356674730,ف,,2,
0001002,ا,,2,
6655-43170,ي,,2,hurufnya agak cacat
,ا,,3,
5776654013506,م,,1,
4+5454,ش,,2,
472434467540   07755,ه,,2,percabangannya terpisah
2022,ا,,2,
7767550,د,,2,
606605,ه,,3,
656774153  7601,ک,,1,percabangannya ada di awal dan akhir
26266,ا,,2,
157660,م,,2,
35036555077  54,و,,3,percabangan ada di awal dan akhir
77565,د,,0,
55-55555,س,,1,
5-13,ي,,2,
5443+,ت,,2,
6545706555,و,,3,
7654,د,,1,
,ا,,2,di graph ada tapi di anotasi tidak ada
55666744-130-7,ي,,3,
57557554,م,,1,
35-4,ي,,2,
35534677555,و,,2,
55555  067,ر,,2,percabangannya terpisah
4660,ه,,3,
405166665314,ک,,1,
544-,ي,,2,
40-4+4,ت,,3,
51666645,ک,,1,
5-4,ي,,2,
04+440,ت,,2,
30722,ا,,3,
,د,,1,tergabung
,و,,2,
55555553,س,,2,
+46444,ت,,2,
3+027226,ا,,3,
475,ت,,1,tidak ada titik
76044,م,,2,
5573,ب,,2,
2022,ا,,2,
5730667753605657  00,ه,,2,percabangannya terpisah
3464   4+44307,ن,,3,percabangannya terpisah
755775  67,م,,1,percabangannya terpisah
6564   4433,م,,2,percabangannya terpisah
15654,ب,,2,
7655554,ر,,2,
576444-27,ي,,3,
75+5453,ن,,1,
75056-75-40-3600,ج,,2,
4-35,ي,,2,
445740457654437,س,,3,
7765,د,,1,hurufnya agak cacat
,ا,,2,di graph ada tapi di anotasi tidak ada
76+6+544+0+70,ن,,3,kebanyakan +
66644,ل,,1,
5+7444230,ت,,2,
2627,ا,,2,
560574307,ح,,2,
220,ا,,3,
7002017706705500,ح,,1,
5155556766,ک,,2,
7557,م,,2,
5443643,ن,,2,titiknya ikut tsa
42+555353357,ث,,3,titiknya hilang
6606755,ل,,1,harusnya tidak perlu 0
7376,ا,,2,
555546666654,ک,,2,
35+55,ة,,3,
15554457666665530,ک,,1,
24+3456+54,ف,,2,
332654,د,,2,
,ا,,3,di graph nya ada tapi di anotasinya tidak ada
554440566666643,ک,,1,
544-,ي,,2,
+0-4440,ت,,2,
222626,ا,,3,
4+446,ن,,,
77-505250,ج,,,
,ي,,,"tidak diketahui huruf apa, antara sin dan ya atau keduanya"
,س,,,
2727226,ا,,,
5-466-5437,ي,,,
555553,س,,1,
54545,س,,2,
3+342,ة,,3,
1455766644,ݢ,,1,
323+65434,ف,,2,
755447,د,,3,
66-550,ي,,1,
325254+467,ڠ,,3,lengkungannya hilang
653154355353,س,,1,
366654547,ل,,2,
252+4557,ه,,3,
665530,ت,,1,titik nya hilang
54+440,ت,,2,
44352234254   00,ک,,2,percabangannya terpisah
62626766,ا,,2,
66645207,ل,,3,
6574074+557550,م,,1,tanda + titiknya nun
53547,ن,,2,titiknya ikut mim
372226,ا,,2,
6765550,ر,,3,
5-545,ي,,1,
35533+54570560065555,ڠ,,3,tidak ada lengkungannya
665135,ت,,1,
322626,ا,,2,
666570,ل,,2,
664-0347,ي,,3,
555565776665630,ک,,1,
6555+4,ر,,2,
,ا,,2,di graph ada tapi di anotasi tidak ada
66075046734771,ه,,2,
,ا,,3,hilang
543,ب,,1,titiknya hilang
226,ا,,2,
,ي,,2,terputus
40430   5202+10,ق,,2,percabangannya terpisah
622,ل,,2,
355,ه,,3,
00-01216,ب,,1,
757067055   54334,ق,,2,tidak ada titiknya dan percabangannya terpisah
26655437,د,,3,
6653+4,ت,,1,
6-54430,ي,,2,
2722,ا,,2,
754,د,,2,
,ا,,3,di graph ada tapi di anotasinya tidak ada
66513553+,ت,,1,
6555440,ر,,2,
67707517705764044,ه,,2,
36-0443,ي,,2,
23354+5675444,ڠ,,2,
4352423525547   7-05-0,ݢ,,2,percabangannya terputus
26226,ا,,3,
577557564,م,,1,
35-43,ي,,2,
553646770655,و,,2,0 seharusnya masuk ke anotasinya mim
6101511111,ر,,2,
207200767760017,ه,,2,
55566765743,ک,,2,
54   43+00,ن,,3,percabangannya terpisah
7551,د,,1,
7765440,ر,,3,
4545-736-45670-444,ج,,1,
243634+56770,ک,,2,
,ا,,3,hilang
506505506504,م,,1,
-3464547,ي,,2,
,و,,2,tergabung
55555347,ر,,2,
,و,,2,di graph ada di anotasi tidak ada
6770166544330   0,ف,,2,percabangannya di awal dan akhir
622,ا,,2,
754551-11767666531,ک,,2,tanda - titiknya fa
63755342+,ن,,3,
675700,د,,1,
6-755-40-5,ي,,2,
755515,ر,,2,
557757754-44207,ي,,3,
,ا,,1,di graph ada di anotasi tidak ada
65-43,ي,,2,
54-5,ب,,2,
4353354667076555,و,,3,
77654,د,,1,
,ا,,2,di graph ada di anotasi tidak ada
7554+0,ن,,3,
,ب,,1,terputus
,ف,,2,terputus
,ا,,3,
6757440430   0,ج,,1,percabangan ada di awal dan akhir
62226,ا,,2,
457750443,ڠ,,2,
403+4,ن,,2,
654,ل,,2,hurufnya cacat
,ه,,3,hilang
525,ت,,,mulai halaman 10 (bfs-djikstra)
-5744,ي,,,
320237,ا,,,
24,د,,,
776,ا,,,
664,ل,,,
4315,ه,,,
564304+,ت,,,
4053+,ن,,,
053+4,ت,,,
34675440,و,,,
+543344,ن,,,
+65654,ن,,,
4-34276,ي,,,
2,ا,,,
7454+0044,ش,,,
4-43,ب,,,
53+65,ن,,,
44+3+0+7,ث,,,
754+,ذ,,,
5566457,ک,,,
5504,ر,,,
666,ا,,,
,ل,,,
,ل,,,
,ه,,,
666,ا,,,
6-45,ي,,,
44+3,ت,,,
5555,س,,,
432,ا,,,
444043,س,,,
27262,ا,,,
432+55,ڠ,,,
65435+,ة,,,
555305,س,,,
5455075440,و,,,
55456655,ک,,,
506554,ر,,,
6544+40+20+,ث,,,
54+4,ت,,,
4-44,ي,,,
27272-,ا,,,
013,د,,,
2,ا,,,
6+43,ت,,,
3+44,ن,,,
553+3,ت,,,
35467544,و,,,
,ت,,,
,ي,,,
,د,,,
35467544,و,,,
5-55566665,ک,,,
4253667544430,و,,,
64+4,ن,,,
5+7404420,ث,,,
77776554,ل,,,
2442630,ا,,,
466566,ل,,,
66656,ا,,,
66,ا,,,
665,ل,,,
323131,ه,,,
66666,ا,,,
6+6664+,ل,,,
777,ا,,,
66,ا,,,
66+543,ل,,,
32+2565,ل,,,
432276,ه,,,
+77675540,ذ,,,
57-4,ي,,,
55677665,ک,,,
4-354,ي,,,
6476025544,ر,,,
55464-7,ي,,,
254253+5755,ڠ,,,
54+4,ت,,,
4+444,ن,,,
4553+,ت,,,
5343667755,و,,,
5566654,ک,,,
44-4,ب,,,
4+5,ن,,,
322,ا,,,
6544,ر,,,
54+447,ن,,,
2,ا,,,
45447654540,س,,,
41476434,ج,,,
2361533,ک,,,
6664744,ل,,,
6207005+5,و,,,
2,ا,,,
4+,ت,,,
62,ا,,,
47476656706+404,ه,,,
76460700+6055,و,,,
5443,ن,,,
346644,ف,,,
4143,ي,,,
36226,ل,,,
654245,ه,,,
550404+4,ش,,,
465-74370,ي,,,
5444403,س,,,
53664606514,و,,,
2,ا,,,
5543,ت,,,
365770555,و,,,
335357-4,ج,,,
0424353,ک,,,
32775,ل,,,
653436560605,و,,,
74674,م,,,
4643646055,و,,,
7052,ت,,,
575772675541,و,,,
3+4667,ق,,,
74-442,ب,,,
62453021,ل,,,
2,ا,,,
653+056,ن,,,
4544+20+0,ت,,,
3755755,م,,,
534345646704+40,و,,,
22,ا,,,
65543+,ت,,,
6355770754,و,,,
6656535,ک,,,
5267,ا,,,
1336,ء,,,
3656574,م,,,
415+133+5,ف,,,
+564420,ت,,,
13,د,,,
56-630-,ي,,,
7555,ر,,,
556544,ي,,,
54424,ي,,,
323466,ڠ,,,
65344,س,,,
443,ن,,,
5242,د,,,
535-6-,ي,,,
5440,ر,,,
55554-44307,ي,,,
2,ا,,,
5-4444,ي,,,
43+635,ت,,,
353570654,و,,,
66664,ل,,,
4750,ه,,,
4354664,ح,,,
453+64+677155,ق,,,
,د,,,
5-43+5454,ش,,,
4565,م,,,
5-544402,ي,,,
654-43,ي,,,
43+557656700,ڠ,,,
645-,ب,,,
20273,ا,,,
4+66757560,ف,,,
65064754-44,ي,,,
6770654,و,,,
455375-57,ج,,,
54344550755,و,,,
654,د,,,
7777654+50,د,,,
66,ا,,,
75504+470,ن,,,
42435754,ع,,,
32243,ل,,,
6644660616,م,,,
+75707064,ف,,,
364655440,و,,,
654+40400,ن,,,
45+57,ن,,,
747,م,,,
02026,ا,,,
56144+47,ث,,,
5665-440,ي,,,
755544000,ر,,,
76076654440,و,,,
4553364665,ح,,,
66,ا,,,
6653,ل,,,
3243152+7754,ق,,,
34475410,د,,,
67600665440,و,,,
535464534270,س,,,
455,ن,,,
754,م,,,
2022,ا,,,
64+4,ث,,,
5-4344,ي,,,
53+457567,ڠ,,,
4+56764,ف,,,
3543405043,س,,,
34+654,ت,,,
42060-,ي,,,
766550,ر,,,
47640254,و,,,
6765564,ح,,,
66,ا,,,
66543,ل,,,
4243+7654,ق,,,
3635447,د,,,
52343554054,و,,,
534764422554,س,,,
666,ا,,,
644-7-5,ي,,,
44+63,ت,,,
63475440,و,,,
666,ا,,,
544-46665,ک,,,
35+6+540272,ن,,,
534-4,ب,,,
6-47-2526,ط,,,
404-3,ي,,,
3+45,ن,,,
50-443+,ث,,,
46457715,م,,,
32354+5775,ح,,,
6470324,م,,,
33256644060,د,,,
7665,ل,,,
tersisip,ي,,,
4350,ه,,,
67001,ن,,,
26667,ا,,,
766405676,م,,,
354653627250,ظ,,,
64353436647040,ه,,,
32547-,ي,,,
505454,ر,,,
54+44,ث,,,
3456504,ج,,,
243452755,ک,,,
27550,ل,,,
634355754,و,,,
777654,و,,,
2,ا,,,
43446640,ح,,,
54-34,ي,,,
3665432,د,,,
666,ا,,,
45754-44044,ي,,,
5445666,ک,,,
43671430,د,,,
4773707554540,و,,,
37,ا,,,
6444+30+,ث,,,
3664,م,,,
04441434+1454,ش,,,
3546324415263076,ه,,,
4342624,ا,,,
356450,د,,,
60675,ه,,,
66643,ل,,,
34474,ه,,,
22,ا,,,
4565554444404,ي,,,
554566,ک,,,
64464632+,ف,,,
,د,,,
,ا,,,
644+,ت,,,
4632+6230,و,,,
543355357575,ه,,,
443+554,ن,,,
4755705444040435440,ث,,,
6641+,ت,,,
3463545540,و,,,
4645577055705,ه,,,
53500+6544043450,ن,,,
666,ا,,,
65-3,ي,,,
5+44,ت,,,
54+,ت,,,
4-4,ي,,,
2222,ا,,,
77554+0,د,,,
2,ا,,,
754,د,,,
2,ا,,,
67706,ف,,,
,ت,,,
,د,,,
4446676,ک,,,
4312-,ي,,,
11044,ر,,,
2,ا,,,
,ک,,,
,ل,,,
,و,,,
,ت,,,
64444-,ي,,,
20-222,ا,,,
3354,د,,,
2,ا,,,
764,د,,,
4+5655000,ڠ,,,
+0543427,ن,,,
66553054,س,,,
45554322,ر,,,
12+776,ة,,,
55+5777665,ݢ,,,
4634355475,و,,,
055336,ر,,,
5607167544,و,,,
65440402+,ث,,,
5657670,ک,,,
622666,ا,,,
3464,م,,,
4-453,ي,,,
262544125,ل,,,
177660,م,,,
5556766556,ک,,,
177660,م,,,
05-33,ي,,,
5621+321,ل,,,agak kecoret jadi kaf
55432,س,,,
22465,ک,,,
36267,ا,,,
66644,ل,,,
2444253+645,ف,,,
4032534+667,ڠ,,,
430222,ا,,,
67076644,ف,,,
3121402+17754,ڠ,,,
46760675051,ج,,,
7555451277,ر,,,
06556670012,ث,,,
6563405435,س,,,
5755522,ر,,,
152+6,ة,,,
4+76065,ف,,,
543545474650,و,,,
4533374,ل,,,
400650,د,,,
2,ا,,,
+466674,ڠ,,,
454+,ن,,,
46674,ع,,,
322,ل,,,
55655,م,,,
4034457544,و,,,
54+4300,ث,,,
45740,ع,,,
3232665,ل,,,
56405,م,,,
263527675044,و,,,
6,ا,,,
5-54,ي,,,
+544400,ت,,,
6666,ا,,1,mulai halaman 11 (bfs-djikstra)
71126,ت,,2,tidak ada titiknya
75535   345670544423067,س,,3,percabangannya terpisah
60106,ت,,,titiknya ikut kaf
0-50501,ي,,,
54-14445777676  54432067,ک,,,"tanda - titiknya ta, percabangannya terpisah"
7655053,ف,,,
357654444400,و,,,
556405   701,ک,,,percabangannya terpisah
262667,ا,,,
65554,ر,,,
07655+45,و,,,
001261700,ع,,1,
656057,ل,,2,
5740,م,,2,
24646   544,و,,3,percabangannya terpisah
6443,ت,,,titiknya hilang
54+5,ت,,,
2353557704442,و,,,
4+3560,د,,1,
,ا,,2,di graph ada di anotasi tidak ada
6655+440307,ن,,3,
2007440,ع,,1,
6465,ل,,2,
650,م,,2,
53355765444,و,,3,
,ن,,1,hurufnya tergabung
,ج,,2,
,و,,2,
,ا,,3,di graph ada di anotasi tidak ada
0-0106,ي,,1,
3731777557165,ڠ,,3,"titiknya ikut kaf, lengkungannya tidak sempurna"
141155-4441466665,ک,,1,tanda - titiknya ghain
41344+,ت,,2,
4-1+4,ي,,2,
2632631011151   500,ک,,3,percabangannya terpisah
63-226,ا,,1,
,ي,,2,hilang
5+744,ت,,3,
50575430,ع,,1,
,ل,,2,terputus
5650,م,,2,
406355761544,و,,3,
5555,ر,,1,
50433,ش,,2,terputus dan tidak ada titiknya
5645300,د,,2,
107,ه,,3,
66,ا,,1,
2+4574,ت,,2,
-4403,ي,,2,
26265,ل,,2,
435,ه,,3,
7070665444,و,,1,
66,ا,,2,
4354656744054,ح,,2,
365775-44307,ي,,3,
70666545,د,,1,
,ر,,2,hurufnya tergabung
,ف,,2,
,د,,2,
67414,ت,,2,titiknya ikut wawu
2543+475544+0,و,,3,
,ا,,1,di graph ada tapi di anotasi tidak ada
666653,ل,,2,
42236543,ل,,2,
2+55670,ه,,3,
,ت,,1,
,م,,2,
,ت,,2,
,ل,,2,
,ه,,3,
,س,,1,
,ع,,2,
,ي,,2,
,ر,,3,
,ي,,1,hilang
4767756-57150,ڠ,,3,lengkungannya hilang
606405,م,,1,
35436675544,و,,2,
66767,ل,,2,
4-44-27-7,ي,,3,
60607650,غ,,1,titiknya hilang
554,ر,,2,
644,ي,,2,titiknya ikut ba
4-4-440,ب,,3,tanda - yg pertama titiknya ya
2070107105,س,,1,
5777570565045753,ف,,2,
2326535437,د,,2,
45555555134176,ر,,3,
575747   05,م,,1,percabangannya terpisah
357-44,ي,,2,
563546    4,و,,2,percabangannya terpisah
75550,د,,2,
0667757575,ه,,2,
6-75-44307,ي,,3,
,د,,1,di graph ada di anotasi tidak ada
4565754444716,ي,,3,
7777654+40,و,,1,
,ا,,2,di graph ada di anotasi tidak ada
7540,ل,,2,anotasinya tidak sesuai graph
561670676666,ل,,2,
42434627,ه,,3,
,ا,,1,hilang
011460,ع,,2,
6657,ل,,2,
4605  6,م,,3,percabangannya terpisah
55+4,ت,,1,
-0+3,ب,,2,
5436,د,,2,
,ل,,2,hilang
,ل,,2,di graph ada di anotasi tidak ada
,ه,,3,
01+0+6,ت,,1,
15456766665640,ک,,2,
3354,ب,,2,titiknya hilang
66   55440,ر,,3,percabangannya terpisah
7760    404,د,,1,percabangannya terpisah
7676,ا,,2,
77674+4140,ن,,3,
676154540,د,,1,
45654-4400,ي,,2,
4144566554,ک,,2,
63754540,ر,,3,
677671,م,,1,terputus
75775574,ق,,2,
2536565305   00,ص,,2,percabangannya terpisah
3535467060544,و,,2,
654,د,,3,
7550,د,,1,
,ا,,2,hilang
777654440,ف,,2,
2022,ا,,2,
6543+,ت,,2,
555,ه,,3,
75540,د,,1,
,ا,,2,di graph ada di anotasi tidak ada
55654-447,ي,,3,
554+140,ت,,1,
,م,,2,hilang
44,ت,,3,titiknya hilang
10266670,ک,,1,
6675,ل,,2,agak cacat
,ا,,2,hilang
,م,,3,hilang
7666666530,ب,,,
54330,س,,,terputus dari kitabnya
47714567,م,,,
,ا,,,di graph ada di anotasi tidak ada
02226,ل,,,
66657,ل,,,
34,ه,,,
,ا,,,di graph ada di anotasi tidak ada
,ل,,,percabangannya terputus-putus
,ر,,,
,ح,,,
,م,,,
,ا,,,di graph ada di anotasi tidak ada
44+044277,ن,,,
62,ا,,,di graph ada di anotasi tidak ada
66545,ل,,,
7544440,ر,,,
1607675040,ح,,,
40433,ي,,,titiknya hilang
555651606,م,,,
0576-57-00,ج,,,
335356   7554,و,,,percabangannya terpisah
35343564   07   60,ه,,,
4+   41,ن,,,
60775670445,ف,,,
3775544440,ر,,,
67666567743   66754,ک,,,percabangannya terpisah
66263,ا,,,
675530543547544327267,س,,,
76553+05444744,ش,,,
22226,ا,,,
675507570,ه,,,
6044730,ع,,1,
2200,ا,,2,
66,ل,,2,terputus
,م,,3,
11717661,م,,1,
0+00,ن,,2,
4+4,ن,,2,
40403,ت,,2,tidak ada titinya
23354+60555670000,ڠ,,3,
767764540,ق,,,
2226,ا,,,
6744-130,ب,,,
675776545,ق,,,
35355764544,و,,,
64443544,س,,,
-3415,ي,,,
6+54437,ن,,,
756660653033,ف,,1,
266544027,د,,3,
25630534,س,,1,
6-43,ي,,2,
3552+44+575556,ڠ,,3,
77654,د,,1,
666,ا,,2,
3576443+07,ن,,3,
5474664   701,م,,1,percabangannya terpisah
2226,ا,,2,
666253,ل,,2,
453555070566,م,,3,
5555534   6701,ک,,1,percabangannya terpisah
7262675,ا,,3,
474045454,ب,,1,
7076757545+170,ح,,2,
55531,ر,,2,
22,ا,,2,di graph ada tapi di anotasi tidak ada
66656443,ل,,2,
14335356765414,ع,,2,
340236,ل,,2,
33,ا,,2,di graph ada tapi di anotasi tidak ada
576650556776,م,,3,
506704040,ج,,1,
375346554,و,,2,
+65413,ن,,2,
+54450,ت,,2,
4-44,ي,,2,
223,ا,,2,
5046432,س,,3,
666,ا,,1,
5067776154-424457,ي,,3,
507744    550,م,,1,percabangannya terpisah
45-47-37,ي,,2,
22236,ا,,2,
766654,ل,,2,
646745516,م,,3,
6067544   00,ع,,1,percabangannya terpisah
2723,ا,,2,
5554,ر,,2,
7767544030,ف,,3,
0007,ب,,1,
10327   7-57,ج,,2,percabangannya terpisah
77770705043,ق,,2,
544444,س,,2,
272,ا,,2,
67554+40307,ن,,3,
7765450,ذ,,,tidak ada titiknya
7675754443020,و,,,
77765414,ق,,,tidak ada titiknya
54+430+0,ث,,,
67644,د,,1,
22,ا,,2,di graph ada tapi di anotasi tidak ada
6644,ل,,2,
64563665666,م,,3,
112,ت,,1,titiknya hilang
57677750675   0544,و,,2,percabangannya terpisah
507065675403   7166501,ه,,2,percabangannya terpisah
44330226360,ا,,2,
07550,ن,,2,
1555-55664,ک,,2,
653757751   54,و,,3,percabangannya terpisah
7767550,د,,,
577676560006544440,و,,,
766543,ل,,,
6+444+2,ت,,,
701017010536,س,,1,
666674,ل,,2,
3446654+4+00   22,ط,,2,terputus
766,ا,,2,
6453+0225,ن,,3,
22,ا,,1,di graph ada tapi di anotasi tidak ada
0+010356,ن,,2,
766754040432,د,,2,
702065,ه,,3,
701,ب,,1,tidak ada titiknya
0+010356,ڠ,,2,
344440,س,,2,
230262,ا,,2,
5707654440,و,,2,
5634170,ن,,3,
76-66-5,ب,,1,
5335775544+0,ر,,2,
22,ا,,2,di graph ada tapi di anotasi tidak ada
717   606775000,و,,2,percabangannya terpisah
76   543,ل,,2,percabangannya terpisah
755,ه,,3,
7002750+07570,خ,,1,
6665,ل,,2,
4-4047,ي,,2,
433+4656   00,ف,,2,percabangannya terpisah
305,ه,,3,
776554,د,,1,
76555454447,ر,,2,
675776544334,ف,,2,
366544037,د,,3,
712,ت,,1,
366544037   50440,و,,2,percabangannya terpisah
7   01,ن,,2,"tidak ada titiknya, percabangannya terpisah"
411545776674,ک,,2,
534475   54,و,,3,percabangannya terpisah
67177565442,ف,,1,
+4543,ن,,2,
+55-443,ي,,2,tanda + titiknya nun yg bawah
006,ن,,2,
413315450477   75434,ج,,2,"tidak ada titiknya, percabangannya terpisah"
272722,ا,,2,
670776655145+44444,و,,2,
62,ا,,2,di graph ada tapi di anotasi tidak ada
6444+4277,ن,,3,
3656371-43,م,,1,
+46435535,ش,,2,
545272326544,ه,,2,
36364550055544,و,,2,
555553206,ر,,3,
565463+,ت,,1,
755544,ر,,2,
-17106,ب,,2,
7-00,ي,,2,
7666574,ل,,2,
4324454577655,ڠ,,3,"titiknya hilang, lengkungannya kurang jelas"
6664,ل,,1,
7776,ا,,2,
55454466665,ݢ,,2,
60675144-30-2,ي,,3,
67576545,ف,,1,titiknya hilang
434724343466507403,ه,,2,
252227605,ل,,2,
322,ا,,2,di graph ada tapi di anotasi tidak ada
7175747554,و,,2,
6544,ن,,3,
5-54    76643,ک,,1,"tanda - titiknya nun, terputus"
42436644,ف,,2,titiknya hilang
354420,د,,3,
01076,م,,,
6737146,ع,,,
5,ر,,,hilang
75270671,م,,1,
6076765741564,ع,,2,
555543,ر,,2,
67707064443033,ف,,2,
54+65676741,ة,,3,
22,ا,,1,di graph ada tapi di anotasi tidak ada
500225266,ل,,2,
676657,ل,,2,
335,ه,,3,
4766-75414  0,ج,,1,percabangannya terpisah
353564507  55,و,,2,percabangannya terpisah
22,ا,,2,di graph ada tapi di anotasi tidak ada
6070644-4427,ي,,3,
665553+0,ت,,1,
6555444,ر,,2,
00105,ت,,2,titiknya hilang
26667,ا,,2,
46765706554044,و,,2,
6454+2,ن,,3,
57-75754  1,ج,,1,percabangannya terpisah
5572735567014055,و,,2,
066775707550,ه,,2,
55+531,ر,,3,tanda + titiknya ba
54,ب,,1,titiknya ikut ro atas
65440,ر,,2,
54,ب,,,mulai halaman 12 (bfs-djikstra)
655,ر,,,
77654,د,,,
746065544440,و,,,
76554,ل,,,
3+05,ة,,,
365675,ع,,,
23336,ا,,,
555653,ر,,,
6+700755443+,ف,,,
6+700755443+,ر,,,
644-30,ب,,,
27-2,ا,,,
564753,ن,,,
5444-0403,ي,,,
36640,م,,,
4453+04,ش,,,
,ه,,,
,و,,,
55542,ر,,,
65-5,ب,,,
,ر,,,
55555541,س,,,
15-553,ب,,,
43+55705443,و,,,
2,ا,,,
22+23+55,ة,,,
55566665,ک,,,
53135445,س,,,
40222,ا,,,
34564+0,ن,,,
6435434130,س,,,
4+654,ن,,,
54-432431,ي,,,
12315545,ک,,,
2727564,ل,,,
23,ا,,,
671076554444,و,,,
74+76001,ة,,,
55444576664,ک,,,
424336754,د,,,
2,ا,,,
366544,ر,,,
2,ا,,,
+2+17,ة,,,
6432-,ب,,,
53+66,ڠ,,,
44044544,س,,,
42722,ا,,,
5+3444377,ث,,,
643+,ت,,,
5644431,ر,,,
6543,ب,,,
553675544400,و,,,
554370,ن,,,
47674,م,,,
5373+567574,ڤ,,,
5335364657066140444,و,,,
301,ي,,,
2631111155,ک,,,
44514437,ن,,,
55-5456665,ک,,,
54-35,ي,,,
4+447,ت,,,
332627,ا,,,
453764402770,ب,,,
476575740,م,,,
434454770544,ع,,,
472723277,ا,,,
543,ن,,,
2226,ا,,,
45364403+36+0,ث,,,
444440,س,,,
222,ا,,,
54+5,ن,,,
44-30-0,ي,,,
,2,,,
36545740,م,,,
033151337554,ع,,,
43+41+4,ن,,,
362635750444,ل,,,
31,د,,,
54476-,ي,,,
554,ر,,,
55554-5302,ي,,,
544440,س,,,
2023,ا,,,
4+56570,ڠ,,,
743+54,ت,,,
3422536,ل,,,
0435,ه,,,
36554735,م,,,
35535777505440,و,,,
77654,د,,,
41234,ه,,,
56557565,س,,,
,ب,,,
,ب,,,
754,د,,,
1311257,ء,,,
53-454,ب,,,
453727,ب,,,
36534726,ل,,,
46544730,م,,,
555+460,ن,,,
606-05-754544,ج,,,
202222,ا,,,
754,د,,,
65-4-2,ي,,,
654404054,س,,,
36547544,و,,,
64434,س,,,
346,ه,,,
555554,ر,,,
5735365544432,و,,,
36432+174444030,ف,,,
464-4224,ي,,,
6474+7767550556,ڠ,,,
674+55+655,ظ,,,
27722,ا,,,
4677745066,ه,,,
4-0356,ي,,,
7706555,ر,,,
46-640-43,ج,,,
22266,ا,,,
4+56745,ڠ,,,
5076544307,ن,,,
77754,د,,,
233,ا,,,
401334760,و,,,
52435,ب,,,
553,ه,,,
262,ا,,,
64-,ي,,,
4+44,ت,,,
2326,ل,,,
540,ه,,,
54-335-46-567510-,چ,,,
5543,ر,,,
76564673,م,,,
53775-54,ي,,,
+5403+01,ن,,,
3664547545,س,,,
535535467075440,و,,,
75551,د,,,
13,ه,,,
65453+,ت,,,
6755+4440,ر,,,
22,ا,,,
244434644,س,,,
4275,ه,,,
57770776544400,و,,,
443546650,ح,,,
4375413,د,,,
4+571,ة,,,
22,ا,,,
777643,ل,,,
6354677544,و,,,
5-5464650-,ج,,,
35453357544,و,,,
334754,د,,,
22,ا,,,
656-47-,ي,,,
44402+,ت,,,
345474640-,ج,,,
3422366,ا,,,
252043,ل,,,
32454+,ن,,,
67654432+0,ث,,,
326765,ل,,,
54-0341,ي,,,
1274+54465,ن,,,
47705774-400,چ,,,
04-324,ي,,,
4765544,ر,,,
45704430,ع,,,
45704430,ل,,,
645053,م,,,
7467701554444307,و,,,
6544+440+300+,ث,,,
6-543,ب,,,
435-44,ب,,,
26225432,ل,,,
53574,م,,,
3312507615,ع,,,
556555543020,ر,,,
66413,ي,,,
02343+665,ف,,,
534+560,ة,,,
5+5770000,ث,,,
53564,م,,,
004+44,ن,,,
,ک,,,
3565,ر,,,
00311717-705-1,ج,,,
55554446076677,ک,,,
654+5,ت,,,
54-322,ي,,,
465442+07,د,,,
2,ا,,,
2653+65+754544030,ق,,,
764+4400,د,,,
2,ا,,,
64+676,ف,,,
444+54043,ت,,,
2534365+7444,ف,,,
244307,د,,,
545547067,ک,,,
,و,,,
555534170,ر,,,
67767565545320,و,,,
3554-040,ي,,,
2443+477,ڠ,,,
64545040443,ش,,,
462231111,ک,,,
44325446,ي,,,
5544,ر,,,
57007555410,و,,,
6665,ل,,,
5431,ه,,,
2,ا,,,
345667554-044727,ي,,,
42535457,م,,,
20723,ا,,,
64445,س,,,
35633556+0071545,ؤ,,,
66545,ل,,,
43622,ل,,,
55542,ر,,,
55456776,ک,,,
445+44,ن,,,
2632200111157,ک,,,
55507666,ک,,,
435+44,ن,,,
273,ا,,,
777555,د,,,
55555477575660000,ک,,,
544454,ش,,,
325202077554,ع,,,
546-76,ي,,,
76-55544,ر,,,
067076544440,و,,,
36445766040004,ح,,,
34375554447,د,,,
3+6457771,ة,,,
665,ا,,,
66543,ل,,,
37355765544403,و,,,
-415142717771,ج,,,
5356364657700555,و,,,
776554+0,د,,,
22,ا,,,
7655405-77-,ي,,,
54+442,ت,,,
64-40-,ب,,,
,ش,,,
,ر,,,
55555616666,ک,,,
760640,م,,,
435+443,ن,,,
02637,ا,,,
4444312+4+640,ڠ,,,
32355547,ن,,,
54+440431,ث,,,
23+46,ف,,,
,د,,,
010700010,س,,,
5555777667,ک,,,
5555,ر,,,
+31170666,ة,,,
harusnya ada,ا,,,
6665654,ل,,,
654064,م,,,
35775444,و,,,
5442+,ت,,,
3+765363337755,ظ,,,
44263633377,ا,,,
646467667705,ه,,,
54505543,ر,,,
76653+,ت,,,
55444,ر,,,
4766560755433,ف,,,
02622,ل,,,
64-354,ي,,,
636353636765440,ه,,,
220263,ا,,,
565541203,ر,,,
3,ا,,,
+2250440317112+5,ث,,,
353444766757433,ه,,,
545-7-,ي,,,
7-605544,ر,,,
64364664004,ه,,,
42722637,ا,,,
7544+4,د,,,
2,ا,,,
7426466500533,ه,,,
22737,ا,,,
,ر,,,
54654-54031,ي,,,
+6344,ق,,,
4-334,ي,,,
,ا,,,
66540,م,,,
24+56,ة,,,
6553+,ت,,,
0675440,ر,,,
77765443,ل,,,
35434+37,ن,,,
5453+07,د,,,
2,ا,,,
5555413,و,,,
44+67771566,ڠ,,,
5+77060755414,ف,,,
3337554+,د,,,
62,ا,,,
775614+5434276,ث,,,
7777654,د,,,
23,ل,,,
66665564,م,,,
3436357674,ح,,,
43656404+,ض,,,
507555,ر,,,
+75764,ة,,,
22,ا,,,
66+64,ل,,,
33262+54,ل,,,
43234260,ه,,,
77654,د,,,
554,س,,,
4+447,ن,,,
43222,ا,,,
,ل,,,
,ه,,,
455604,ت,,,
047530,م,,,
2434665443,ف,,,
24+15,ت,,,
76444444037,ث,,,
754,د,,,
-3565,ي,,,
57304,م,,,
45+443,ث,,,
+2544,ت,,,
74-432,ي,,,
253674,ل,,,
5372253674+0404,ك,,,
666,ا,,,
,و,,,
,ل,,,
,ه,,,
,م,,,
36676443+,ف,,,
2543,د,,,
7766,ا,,,
-435544,ي,,,
0302+34,ن,,,
41+755,ت,,,
5443407,ن,,,
777776454,د,,,mulai halaman 13 (bfs-djikstra)
66666,ا,,,
77564143+07,ن,,,
22367,ا,,,
-5644,ب,,,
22367,ا,,,
6550463,ت,,,
436477555,و,,,
677050105,ح,,,
333+5657067414440,ق,,,
77654,د,,,
2,ا,,,
7+554+40307,ن,,,
64+440404,ش,,,
464443+07,ء,,,
77754,د,,,
676777065544440,و,,,
salib,ب,,,
salib,ر,,,
5555555541,س,,,
63546577715544,و,,,
26,ا,,,
766533+,ت,,,
6345770065,و,,,
67677065544340,و,,,
375565575544,و,,,
345366447674044,ح,,,
362654430,د,,,
3533+5577,ة,,,
62,ا,,,
776665,ل,,,
364363646577055444,و,,,
67757050-,ج,,,
6335355670705454,و,,,
77654,د,,,
654,ب,,,
46336570544,و,,,
5115765,ک,,,
31505443402+77,ن,,,
77765540,د,,,
0017061,م,,,
151444676665,ک,,,
57437-7-,ي,,,
6144443726,ن,,,
23,ا,,,
656-407-,ي,,,
6454503+,ت,,,
+67706544,ف,,,
336553,د,,,
3,ا,,,
5705,م,,,
500-33,ب,,,
+5577755,ؤ,,,
5675,ء,,,
574500,د,,,
6623,ا,,,
777655404+4,ن,,,
3633445,ل,,,
377666,ا,,,
577575777654444402720,و,,,
,ة,,,
77754,د,,,
65530544,س,,,
44+03,ن,,,
3023,ا,,,
6666550,ل,,,
335,ه,,,
+6543543+,ت,,,
+54533,ن,,,
3+54,ت,,,
66075445444,و,,,
2,ا,,,
50767675576544,ه,,,
45413+,ن,,,
51345457,د,,,
+67757654,ق,,,
26665,ل,,,
533315,ه,,,
26,ا,,,
77001+204677,ڠ,,,
55577665,ک,,,
77054444044377,و,,,
61+775775760664,ف,,,
43+464,ن,,,
324325322073,د,,,
26,ا,,,
67657567060,ڠ,,,
6653417075,ک,,,
7777,ا,,,
+6770654443,ف,,,
3544354547440330600,س,,,
754,د,,,
2,ا,,,
6544+4070,ن,,,
,ک,,,
2222,ا,,,
55-437-,ي,,,
650+44307,ن,,,
00216,ب,,,
+06700567404+,ڠ,,,
3543543554420,س,,,
2733277,ا,,,
675+550443+7,ث,,,
65404044444,س,,,
27227,ا,,,
+51115,ت,,,
+6767066544300,و,,,
+5767,ن,,,
505755144,م,,,
2027222276,ا,,,
026760760+5000217,ث,,,
2653337744,ل,,,
273337,ا,,,
666-4153,ي,,,
34575643+0727,ن,,,
6655304,س,,,
54+340,ت,,,
363457605744400,و,,,
55556765453,ک,,,
655+444307,ن,,,
22,ا,,,
6670071655444,و,,,
66567374,ل,,,
746677574046457701,ه,,,
74755001606,م,,,
276660+1777667,ظ,,,
023367,ل,,,
4766775764,ه,,,
5055555302,ر,,,
7554+0,د,,,
2,ا,,,
7454+0,ن,,,
26667,ب,,,
-0122,ا,,,
6761607,ط,,,
74-043,ي,,,
76144437,ن,,,
66666,ا,,,
,ي,,,
,ت,,,
,و,,,
5743722,ل,,,
645303,ه,,,
,ع,,,
,ل,,,
,م,,,
,و,,,
554567,ک,,,
,س,,,
22,ا,,,
76450,د,,,
,2,,,
57667467751706,ه,,,
510444+437,ن,,,
5074+75440,م,,,
3226267,ا,,,
55-34157,ي,,,
65444+27+,ن,,,
476474,م,,,
3241242+,ڠ,,,
074+543,ت,,,
27262236,ا,,,
57566664,ک,,,
4444765,ن,,,
22,ا,,,
370,ن,,,
227226,ا,,,
77666,ا,,,
21,ل,,,
2457444,ح,,,
6435353+5707554444300,ق,,,
5756670170,ج,,,
57566742022626,ا,,,
5767445,ڠ,,,
475044437,ن,,,
754,د,,,
+000125+,ت,,,
15-457766,ک,,,
5745473445554444,و,,,
5443+4070,ت,,,
57550001,س,,,
555441372,ر,,,
220710+,ة,,,
555767664,ک,,,
45364444+00,ن,,,
575404,م,,,
4-714223,ي,,,
66666544,ل,,,
55447456755505,م,,,
55557664,ک,,,
432425,ل,,,
5223,ا,,,
7676076544443,و,,,
2101+77+65,ة,,,
05670443,ج,,,
302627,ا,,,
555+3+6,ت,,,
4-443070,ي,,,
75540,د,,,
755443+,ن,,,
5444-320,ي,,,
262,ا,,,
22,ا,,,
01304+6,خ,,,
4167760-,ي,,,
6514404,ر,,,
,ة,,,
06077605674034,ه,,,
464-13,ي,,,
32426447,د,,,
6353+65454043,ف,,,
74+,ت,,,
40-,ي,,,
0222,ا,,,
754,د,,,
2,ا,,,
55574,م,,,
22266,ا,,,
53575743,م,,,
3022260,ا,,,
55473+,ت,,,
4-44327257,ي,,,
22,ا,,,
5-354,ي,,,
653+63,ت,,,
467467155404,و,,,
6654,ل,,,
342356,ه,,,
433416054,ع,,,
43326337,ل,,lam dan ya tertukar posisi,
5-423,ي,,,
56557,م,,,
3634546677554440,و,,,
-50-05,ي,,,
47777755606+567000,ڠ,,,
543544,س,,,
3364-,ب,,,
64+175,ن,,,
75545400,ر,,,
207-00,ب,,,
35464+56,غ,,,
03402622,ا,,,
55473765+,ت,,,
4-44437,ي,,,
734466647,ه,,,
354+,ن,,,
552+4,د,,,
3546+,ق,,,
,ل,,,
,ه,,,
2,ا,,,
600203710+,ڠ,,,
5555557766,ک,,,
35475677005454,و,,,
3+56675,ف,,,
556335006507-,ج,,,
5466140,م,,,
6231511,ک,,,
7554443+07,ن,,,
554446666654,ک,,,
33262544307,د,,,
757076,و,,,
477644040,م,,,
23365,ا,,,
544+,ت,,,
374+7543727200000,ظ,,,
54402723,ا,,,
533353645657,ه,,,
4571757053,ر,,,
07714646677777,م,,,
65-440,ب,,,
42653575450,ک,,,
,ا,,,
5545766676,ک,,,
4335544440370,ن,,,
7355674473,م,,,
30226,ا,,,
36754+442+77,ت,,,
424-430-,ب,,,
72263,ا,,,
47753622266,ط,,,
54-407,ي,,,
675640,ن,,,
45446375000676,م,,,
4363+65,ن,,,
346767554440,و,,,
5553,ر,,,
65-432,ي,,,
4231453+,ق,,,
754-4,ي,,,
2355456754+440332,ن,,,
2,ا,,,
654-53,ي,,,
6444+0,ت,,,
5440444,س,,,
2227,ا,,,
4342+5,ڠ,,,
74443+41+41+,ت,,,
3252,ل,,,
44345,ه,,,
6666665432,ل,,,
44757606-,ي,,,
655444,ر,,,
76654404403+0,ث,,,
+6543,ت,,,
+5443,ن,,,
32765443,د,,,
2,ا,,,
44335-7-,چ,,,
446453244675740,ه,,,
306230,ا,,,
456-741437,ي,,,
41023,د,,,
65554432,ر,,,
11312+07,ف,,,
32266645402,د,,,
675415+,ت,,,
3120+755440,و,,,
354375675574034,ه,,,
432+454,ن,,,
67500444+,ث,,,
654425435,س,,,
444-05,ب,,,
23+41,ن,,,
47765554440,ر,,,
5344+43+00,ث,,,
6665435,ل,,,
55-43,ي,,,
425235,ل,,,
5432524+55670,ة,,,
22,ا,,,
66643,ل,,,
2335354+676054,ق,,,
3255434176,د,,,
5555542,ر,,,
7554,د,,,
2,ا,,,
7776444+,ن,,,
4044474044,ش,,,
37233546504040334,ه,,,
444-440-300,ي,,,
65542,د,,,
7365530,ل,,1,mulai halaman 14 (bfs-dfs)
34577,ه,,2,
2323322,ا,,1,
755-31,ي,,2,
454+46,ت,,2,
654454353315314,و,,2,
737,ل,,1,
3123,ه,,2,
34+56,ن,,1,
657443,م,,2,
43232332,ا,,2,
5253544+273,ث,,3,
23322,ا,,1,
354+3,ن,,2,
4-35,ب,,2,
44-45,ي,,2,
3433262,ا,,2,
5405,ء,,3,
13225,د,,1,
22,ا,,2,
752444+377,ن,,3,
22,ا,,1,
77654152444405436,و,,2,
2223543,ل,,2,
45244-372,ي,,2,
7222323,ا,,2,
02132343310,ء,,3,
0122737,د,,0,
555554,س,,1,
444+4,ن,,2,
42022222,ا,,3,
76662653,ل,,1,
34366,ه,,3,
3435365735667147044,ه,,1,
3222,ا,,2,
5553,ر,,2,
5566575-441342,ي,,3,
551553035,ر,,1,
364-3404,ي,,2,
432323,ا,,2,
5444432+72+3,ث,,3,
3535434143,س,,1,
3322210011,ک,,2,
336355444404322,ر,,2,
4123+56,ة,,3,
2262,ا,,1,
626574,ل,,2,
743431,م,,2,
1654444735722,و,,2,
133+5+574,ة,,3,
35-345350-4,ج,,1,
430322763,ا,,2,
4433+5534310,ڠ,,2,
1042+104443+7,ن,,3,
7534447,د,,1,
471712+13+,ت,,2,
555555637662,ک,,2,
1535355444430414333142704,و,,2,
54+6,ت,,2,
64-42,ي,,3,
755365457,د,,1,
55363467076555444443334,و,,2,
,س,,3,
77356446,د,,1,
232,ا,,2,
542344+434+334,ن,,3,
2534676+154,ف,,1,
4642431337533570644,ه,,2,
4325342233,ل,,2,
21763637,ا,,3,
34534-434,ج,,1,
343223213,ا,,2,
4424424+6443,غ,,2,
444437271,ن,,3,
013,د,,1,
64344230134,ه,,2,
44-4334,ي,,2,
45146355553,ر,,2,
7642554444,و,,2,
5555577773541,ک,,2,
235544+2,ن,,3,
654444,و,,1,
-34244343254345,ج,,2,
2431010754444410,و,,2,
75254447,د,,3,
23453473443,م,,1,
44440427455753534534,و,,2,
45344-25525,ج,,2,
255255535331543413,و,,2,
tidak di manuskrip,د,,3,
13333,ا,,1,
4422443252+,ڠ,,2,
223111115,ک,,2,
436555516356042,و,,3,
2343+14+554,ق,,1,
554-34141,ب,,2,
363634567400655543,و,,2,
52222244436167,ل,,2,
555546376641,ک,,2,
36354443+7,ن,,3,
001237,د,,1,
6662,ا,,2,
7665540,ل,,2,
6434612766,م,,3,
3453443414241,ح,,1,
42453+1463+,ض,,2,
463+54443,ر,,2,
2+034+,ة,,3,
222,ا,,1,
26662454,ل,,2,
3226+,ل,,2,
543344531173,ه,,3,
666,ا,,0,
22,ا,,1,
43541346204,ڠ,,2,
423222232151111,ک,,2,
54536345700765554,و,,3,
542+44,ت,,1,
254444,ت,,2,
413+45631034,ف,,2,
32436232324111115,ݢ,,2,
45364443+72+5,ن,,3,
335+5,ت,,1,
76740,م,,2,
64+44443272,ت,,3,
655435434633,س,,1,
31305543,ع,,2,
3341457-,ي,,2,
73555544334536,ر,,3,
4331442217704,ه,,1,
472222,ا,,2,
55555305,ر,,3,
55555555443,س,,1,
65-54,ب,,2,
1564+705544444443121,ت,,3,
775306555424,و,,1,
65444+34+44,ق,,2,
4333+532+4,ت,,3,
444342410,ع,,1,
342442431552107,ص,,2,
55542,ر,,3,
3363421462004,ه,,1,
32377,ا,,2,
5554,ر,,2,
455754-40-34255,ي,,3,
33532754+55,ف,,1,
32223,ا,,2,
40123+,ت,,2,
44444211314713+27,ڠ,,3,
76654,ل,,1,
355,ه,,3,
6535+23+,ت,,1,
251554,ر,,2,
3544-,ب,,2,
354+4,ت,,2,
4+55444311,ث,,3,
65-435,ب,,1,
35544443,ر,,2,
353635667140445,ه,,2,
42322,ا,,2,
52445444+04+3233,ن,,3,
665507546345770021,ک,,1,
422222,ل,,2,
232333,ا,,2,
33220210134541,م,,3,
66266,ا,,1,
626266543,ل,,2,
5232332532,ل,,2,
435213334567756,ه,,3,
54442313+3,ت,,1,
3542674543,ع,,2,
322323,ا,,2,
65333144,ل,,2,
3223555-4444432213,ی,,3,
666,ا,,1,
7552547,د,,2,
5555+5+55551555,ث,,3,
6434-24,ب,,1,
24434340465,س,,2,
4535133141670223,م,,2,
1353341043,م,,1,
312353456214144,ع,,2,
37345,ل,,2,
165553355536345700,و,,2,
450560,م,,3,
63515542414,ص,,1,
33+071110753,غ,,2,
4334146-,ي,,2,
6-65524,ر,,3,
336424631060,ه,,1,
605370723,م,,2,
35-4444433611,ب,,3,
,ي,,1,
112623+535675,ڠ,,3,
65455355357,س,,1,
335570725555,و,,2,
5555551446723465,ک,,2,
3111,ر,,3,
643240535,م,,1,
55754,م,,2,
4+43,ن,,2,
3+044+5444443173,ت,,3,
75763554+24,ف,,1,
6554444,ر,,2,
234563446767144,ه,,2,
3424-433,ي,,2,
65444341,د,,3,
22,ا,,1,
bisa jadi,ل,,2,
655-44444,ي,,2,
35363+560,ة,,3,
555456666151,ک,,1,
4142+543,ف,,2,
42414231,د,,3,
5143633+,ت,,1,
577441453345355,و,,2,
35574034632567365,ه,,2,
673654443171171+,ن,,3,
24-42,ي,,1,
4313534+57330+544,ڠ,,3,
723163+14+4,ف,,1,
272323,ا,,2,
555151330315,ر,,3,
1122737,د,,1,
0112,ر,,2,
5675365-435,ي,,2,
65435+424+6,ف,,2,
655343253,د,,3,
22,ا,,1,
6654,ل,,2,
,ل,,2,
,ه,,3,
725417,د,,1,
22,ا,,2,
54-44351,ي,,2,
473131+000715556,ڠ,,3,
,2,,,
223432+03+54,ف,,1,
423523134245633+054,ڠ,,2,
4372232333,ا,,2,
553457242406670-,ج,,2,
4547555554544,ر,,3,
636547424,م,,1,
4143+54,ن,,2,
435435452+4,ث,,2,
54524531346400436,ه,,2,
4365536655554,ر,,2,
3545-2,ي,,2,
4522323411111,ک,,2,
52554+3,ن,,3,
2425353+67,ف,,1,
427322226,ا,,2,
543213355564666,ط,,2,
4335677-,ي,,2,
771415,م,,2,
3553,ه,,3,
22,ا,,1,
12341413177555,و,,2,
555543,ر,,2,
4445244244+,ڠ,,3,
4454434331,ي,,1,
2344+5677733031+,ڠ,,3,
7654034234435,ص,,1,
4354-324,ب,,2,
47655,ر,,3,
655340+,ت,,1,
02455433+,ت,,2,
3535573351222222,ک,,2,
732332342,ا,,2,
7776143153,ل,,3,
522272,ا,,1,
456735255-34533332,ي,,2,
666,ا,,1,
555514466554,ک,,2,
754444343+,ن,,3,
071,ب,,1,
2114,ر,,2,
555444044466665,ک,,2,
52406554032534244,ه,,2,
36554444352442,و,,2,
65-5440-631-,ي,,2,
54433+3,ن,,3,
012237,د,,1,
62626,ا,,2,
4+56705071,ڠ,,2,
1655444473712,ن,,3,
70-1126,ب,,1,
5555454+5776656,ݢ,,2,
4304543,ن,,2,
32335534+53+37,د,,2,
22,ا,,3,
544353620754,ع,,1,
424522227,ل,,2,
655441434332,ی,,3,
626266,ا,,1,
2342432705444,و,,2,
455553143222,ر,,2,
401474220+7,ڠ,,2,
35244-43,ي,,2,
33464553313106667737140111,ڠ,,3,
353355474,م,,1,
45464365540443,ۏ,,2,
667375,ء,,,
353355474,م,,2,
5540443+33+,ن,,3,
7657-1536,ب,,1,
65523145554,ر,,2,
6555156245530765,ک,,2,
332123112362222,ا,,2,
253+535,ت,,2,
26+2222372,ا,,2,
222622621,ل,,2,
3533515,ه,,3,
6-4544,ب,,1,
3155443,ف,,2,
3222230,ا,,2,
54+656774005172124,ث,,3,
65454333+4,ش,,1,
154-333,ي,,2,
26365553537,د,,2,
22,ا,,0,
6262666,ا,,1,
666666636,ل,,2,
636315,م,,2,
555555555474443,ر,,2,
6553155434143,س,,2,
322354,ل,,2,
3254-335,ي,,2,
3765545443+43+32,ن,,3,
65530322745,م,,1,
5566754,م,,2,
45-36-54,ن,,2,
43+44+055444437,ت,,3,
22,ا,,0,
5555556470,ر,,1,
7555524513+65,ض,,2,
674755141553453332215,ي,,3,
654-546,ب,,1,
76551515454,ر,,2,
44344353134+6535,ڠ,,2,
545-3532,ي,,2,
52555+616331,ڠ,,3,
662,ا,,0,
7524447,ذ,,1,
6255254-403,ي,,2,
765353437,ذ,,2,
64+53+55430425+,ن,,3,
654033+,ت,,2,mulai halaman 15 (bfs-dfs)
43460640,م,,2,
-235-,ب,,2,
65342162212322030,ل,,3,
70-1,ب,,1,
667,ا,,2,
6665,ل,,2,
535,ه,,3,
7254547,د,,1,
5555662656465,ک,,2,
7535352270353,ه,,2,
5554443244217,و,,2,
32017,ن,,2,
5555566667,ک,,2,
465+44432,ن,,3,
62,ا,,1,
123423274,و,,2,
626535,ل,,2,
35-,ي,,2,
46,ه,,3,
554,ر,,1,
6444354545,س,,2,
33572421555544,و,,2,
66611114440,ل,,3,
2,ا,,1,
664,ل,,2,
3614,ل,,2,
37112,ه,,3,
,ع,,1,
,ل,,2,
,ی,,3,
2323426255,د,,1,
2372,ا,,2,
7365413443+43+7,ن,,3,
13240333+531+444,ف,,1,
3432222233232,ا,,2,
54354143423223723,ط,,2,
223456-,ي,,2,
566540,م,,2,
3242171,ه,,3,
45555556666,س,,1,
2440344,م,,2,
424313+64,ف,,2,
44-354,ي,,2,
33241422,ل,,2,
4414,ه,,3,
0701,ن,,1,
-014432,ي,,2,
6556366,ک,,2,
312222,ا,,2,
445355255,ح,,3,
11+0,ن,,1,
44243,م,,2,
222,ا,,2,
7645443+43+,ث,,3,
2,ا,,1,
,ي,,2,
,ت,,3,
,ف,,1,
,ط,,2,
,ي,,2,
,م,,2,
,ه,,3,
22262,ا,,1,
2265,ل,,2,
54+555534221,ز,,2,
653431424555,ه,,2,
5155331422106643,ر,,2,
455565355-437,ي,,3,
32662654444,ل,,1,
222323,ا,,2,
55544+54637666750,ݢ,,2,
667555-4443433225,ي,,3,
43443620044,ع,,1,
4322237,ا,,2,
5555415,ر,,2,
65436-,ي,,2,
5554435343570,ف,,3,
626265554446,ل,,1,
63626,ا,,2,
5444544+47666624,ݢ,,2,
535544-4303,ي,,3,
6-554,ب,,1,
75555,ر,,2,
34511204353,ع,,2,
32+1+3+444,ق,,2,
3354421622,ل,,3,
7464+23,ف,,1,
442+,ن,,2,
45-43,ي,,2,
373+4,ت,,2,
4444+444,ث,,3,
243474643254,م,,1,
,ع,,2,
24712222,ل,,2,
735724075555,و,,2,
7534245566665,م,,3,
4745375554+,ف,,1,
323254337,د,,2,
55555554,س,,1,
443+5,ن,,2,
3522534543732,د,,3,
22222,ا,,1,
662254,ل,,2,
4-3425,ب,,2,
4543+4433,ش,,2,
4755555,ر,,3,
73641347,د,,3,
6662,ا,,1,
45454+,خ,,2,
44-32,ي,,2,
73776551555444033,ر,,2,
2,ا,,2,
2213112+45,ة,,3,
22,ا,,1,
34675544-4403032,ي,,3,
,ت,,1,
,ر,,2,
727545+432,ل,,2,
33,ا,,2,
653,ب,,2,
44-3,ي,,2,
35,ه,,3,
,م,,1,
,و,,2,
46222333,ل,,2,
355-443,ي,,2,
6226222,ا,,3,
123312302+744,ف,,1,
4332222226,ا,,2,
363355347223223257670543,ط,,2,
5434-22233,ي,,2,
3466755,م,,2,
532415155,ه,,3,
666626,ا,,1,
65-535,ي,,2,
214444372+76,ت,,3,
5-44,ب,,1,
3+462+554,ف,,2,
6663666,ا,,2,
73544243032+7,ث,,3,
+6553,ن,,1,
54-33,ب,,2,
2556354-544403,ي,,3,
765255+54,ل,,1,
223456-,ا,,2,
5554454+52+366674476,ݢ,,2,
15-4-4447,ي,,3,
43431644,ع,,1,
43362263,ا,,2,
5554,ر,,2,
5534-,ي,,2,
33545355554,ف,,3,
